id,time,prediction,location
0,2023-06-03 23:00:00,16.295170095921776,A
1,2023-05-28 04:00:00,286.3560157467581,A
2,2023-05-28 03:00:00,136.53902340311538,A
3,2023-05-28 02:00:00,0.0,A
4,2023-05-28 01:00:00,0.0,A
5,2023-05-28 00:00:00,0.0,A
6,2023-05-27 23:00:00,124.6958604051315,A
7,2023-05-27 22:00:00,12.935477550167889,A
8,2023-05-27 21:00:00,30.81902974495165,A
9,2023-05-28 05:00:00,1058.2361749632228,A
10,2023-05-27 20:00:00,90.93295066651774,A
11,2023-05-27 18:00:00,277.39724038617123,A
12,2023-05-27 17:00:00,220.841349847886,A
13,2023-05-27 16:00:00,297.8320973033643,A
14,2023-05-27 15:00:00,856.5170021050069,A
15,2023-05-27 14:00:00,1440.0134700574545,A
16,2023-05-27 13:00:00,1142.452230168288,A
17,2023-05-27 12:00:00,1143.491119656151,A
18,2023-05-27 11:00:00,2026.160349196261,A
19,2023-05-27 19:00:00,92.46880390590832,A
20,2023-05-28 06:00:00,1493.8170247409205,A
21,2023-05-28 07:00:00,2068.1881339665388,A
22,2023-05-28 08:00:00,2023.2211913836863,A
23,2023-05-30 03:00:00,338.18741580008134,A
24,2023-05-30 02:00:00,75.655071642944,A
25,2023-05-30 01:00:00,0.0,A
26,2023-05-30 00:00:00,15.190923632333352,A
27,2023-05-28 23:00:00,0.0,A
28,2023-05-28 22:00:00,0.0,A
29,2023-05-28 21:00:00,145.1741818849764,A
30,2023-05-28 20:00:00,0.0,A
31,2023-05-28 19:00:00,287.28251863854405,A
32,2023-05-28 18:00:00,385.03176905712405,A
33,2023-05-28 17:00:00,321.3915985530704,A
34,2023-05-28 16:00:00,1260.9777701238877,A
35,2023-05-28 15:00:00,1742.350766355558,A
36,2023-05-28 14:00:00,2783.18658757216,A
37,2023-05-28 13:00:00,2716.812051912758,A
38,2023-05-28 12:00:00,2653.181393746763,A
39,2023-05-28 11:00:00,2248.8665123402543,A
40,2023-05-28 10:00:00,1606.955449291136,A
41,2023-05-28 09:00:00,2474.650259127681,A
42,2023-05-27 10:00:00,1692.39385576183,A
43,2023-05-30 04:00:00,348.28229308770074,A
44,2023-05-27 09:00:00,2321.2059304129634,A
45,2023-05-27 07:00:00,1298.108190759902,A
46,2023-05-25 07:00:00,2046.5015987527129,A
47,2023-05-25 06:00:00,1273.220660112243,A
48,2023-05-25 05:00:00,920.7616364053964,A
49,2023-05-25 04:00:00,550.057999619479,A
50,2023-05-25 03:00:00,235.45227214796125,A
51,2023-05-25 02:00:00,135.4759310091813,A
52,2023-05-25 01:00:00,23.200369783709675,A
53,2023-05-25 00:00:00,0.0,A
54,2023-05-25 08:00:00,2554.2361412137616,A
55,2023-05-23 23:00:00,0.0,A
56,2023-05-23 21:00:00,4.310239430631327,A
57,2023-05-23 20:00:00,0.0,A
58,2023-05-23 19:00:00,51.38642646764947,A
59,2023-05-23 18:00:00,267.9249082564503,A
60,2023-05-23 17:00:00,566.0035303470944,A
61,2023-05-23 16:00:00,1309.614252606548,A
62,2023-05-23 15:00:00,2276.156166626435,A
63,2023-05-23 14:00:00,2141.943124966885,A
64,2023-05-23 22:00:00,46.96281453355027,A
65,2023-05-25 09:00:00,2241.476885484375,A
66,2023-05-25 10:00:00,1445.2070346937162,A
67,2023-05-25 11:00:00,2526.8117214293943,A
68,2023-05-27 06:00:00,804.4485465101363,A
69,2023-05-27 05:00:00,501.3119033710124,A
70,2023-05-27 04:00:00,448.7803799659533,A
71,2023-05-27 03:00:00,155.9020156220381,A
72,2023-05-27 02:00:00,20.10165597884065,A
73,2023-05-27 01:00:00,60.08675360920029,A
74,2023-05-27 00:00:00,88.45974771222006,A
75,2023-05-25 23:00:00,47.54687733505148,A
76,2023-05-25 22:00:00,0.0,A
77,2023-05-25 21:00:00,0.0,A
78,2023-05-25 20:00:00,3.0184269621827298,A
79,2023-05-25 19:00:00,87.11827040075639,A
80,2023-05-25 18:00:00,232.0862040076873,A
81,2023-05-25 17:00:00,532.7084681519017,A
82,2023-05-25 16:00:00,748.4008316167524,A
83,2023-05-25 15:00:00,1767.449219159603,A
84,2023-05-25 14:00:00,2303.8446445206923,A
85,2023-05-25 13:00:00,2154.25413042026,A
86,2023-05-25 12:00:00,1922.2168455777569,A
87,2023-05-27 08:00:00,2472.2115103804977,A
88,2023-05-23 13:00:00,2251.263399718508,A
89,2023-05-30 05:00:00,892.9102432273124,A
90,2023-05-30 07:00:00,1320.821829269606,A
91,2023-06-02 22:00:00,43.97059630411036,A
92,2023-06-02 21:00:00,45.59512909761588,A
93,2023-06-02 20:00:00,44.95513157690948,A
94,2023-06-02 19:00:00,58.625081802968,A
95,2023-06-02 18:00:00,193.130739325532,A
96,2023-06-02 17:00:00,408.9186486339722,A
97,2023-06-02 16:00:00,728.6192738481182,A
98,2023-06-02 15:00:00,953.5201697203644,A
99,2023-06-02 23:00:00,16.83683187956717,A
100,2023-06-02 14:00:00,1698.237500954132,A
101,2023-06-02 12:00:00,2708.6100414396087,A
102,2023-06-02 11:00:00,2611.969939987572,A
103,2023-06-02 10:00:00,2895.4788402755503,A
104,2023-06-02 09:00:00,2709.5010714186333,A
105,2023-06-02 08:00:00,1752.6663613042597,A
106,2023-06-02 07:00:00,1192.2049862632823,A
107,2023-06-02 06:00:00,1309.1667333595274,A
108,2023-06-02 05:00:00,862.3433649473611,A
109,2023-06-02 13:00:00,1777.822140192428,A
110,2023-06-03 00:00:00,20.37406824145023,A
111,2023-06-03 01:00:00,0.0,A
112,2023-06-03 02:00:00,0.5695412225243217,A
113,2023-06-03 21:00:00,0.0,A
114,2023-06-03 20:00:00,43.53448683741863,A
115,2023-06-03 19:00:00,26.676357320214947,A
116,2023-06-03 18:00:00,0.0,A
117,2023-06-03 17:00:00,246.91075121916583,A
118,2023-06-03 16:00:00,338.76118769053915,A
119,2023-06-03 15:00:00,717.0723980400741,A
120,2023-06-03 14:00:00,1091.9606043041133,A
121,2023-06-03 13:00:00,1827.2176811087884,A
122,2023-06-03 12:00:00,2446.846496138267,A
123,2023-06-03 11:00:00,2172.2635142104546,A
124,2023-06-03 10:00:00,2264.541685625835,A
125,2023-06-03 09:00:00,1904.4344988375235,A
126,2023-06-03 08:00:00,847.4551367380224,A
127,2023-06-03 07:00:00,982.7514638769404,A
128,2023-06-03 06:00:00,1289.308700983754,A
129,2023-06-03 05:00:00,625.5572499617728,A
130,2023-06-03 04:00:00,343.3424892497294,A
131,2023-06-03 03:00:00,108.66453297543852,A
132,2023-06-02 04:00:00,396.3023702191989,A
133,2023-05-30 06:00:00,838.3702308142773,A
134,2023-06-02 03:00:00,225.5645057488016,A
135,2023-06-02 01:00:00,37.24396733629419,A
136,2023-06-01 01:00:00,30.42284162351052,A
137,2023-06-01 00:00:00,6.36682091775765,A
138,2023-05-30 23:00:00,0.0,A
139,2023-05-30 22:00:00,0.0,A
140,2023-05-30 21:00:00,0.0,A
141,2023-05-30 20:00:00,0.0,A
142,2023-05-30 19:00:00,0.0,A
143,2023-05-30 18:00:00,106.1136752522974,A
144,2023-06-01 02:00:00,373.4832422470022,A
145,2023-05-30 17:00:00,272.6645065183548,A
146,2023-05-30 15:00:00,929.0572587073002,A
147,2023-05-30 14:00:00,739.2807710360153,A
148,2023-05-30 13:00:00,922.7509186294094,A
149,2023-05-30 12:00:00,1525.8900306121518,A
150,2023-05-30 11:00:00,1698.0836280640992,A
151,2023-05-30 10:00:00,1972.2357486844849,A
152,2023-05-30 09:00:00,1410.811774844212,A
153,2023-05-30 08:00:00,878.5098032455361,A
154,2023-05-30 16:00:00,874.502705929391,A
155,2023-06-01 03:00:00,358.83980800179813,A
156,2023-06-01 04:00:00,425.223838999796,A
157,2023-06-01 05:00:00,1299.4030090063534,A
158,2023-06-02 00:00:00,156.70545760084337,A
159,2023-06-01 23:00:00,0.0,A
160,2023-06-01 22:00:00,0.0,A
161,2023-06-01 21:00:00,27.196138074190912,A
162,2023-06-01 20:00:00,68.44309159333989,A
163,2023-06-01 19:00:00,244.65820482235145,A
164,2023-06-01 18:00:00,221.35953544998108,A
165,2023-06-01 17:00:00,695.6522596288708,A
166,2023-06-01 16:00:00,1162.482377154215,A
167,2023-06-01 15:00:00,1614.4556113092283,A
168,2023-06-01 14:00:00,2139.1163607827248,A
169,2023-06-01 13:00:00,2399.778402502579,A
170,2023-06-01 12:00:00,2977.598056837922,A
171,2023-06-01 11:00:00,2872.4198644420994,A
172,2023-06-01 10:00:00,2752.2429791359955,A
173,2023-06-01 09:00:00,3164.759500933079,A
174,2023-06-01 08:00:00,1895.4417534917088,A
175,2023-06-01 07:00:00,1770.730655374064,A
176,2023-06-01 06:00:00,1222.3416792225876,A
177,2023-06-02 02:00:00,149.86124267331263,A
178,2023-06-03 22:00:00,0.0,A
179,2023-05-23 12:00:00,1522.809663643688,A
180,2023-05-23 10:00:00,1249.0503661826906,A
181,2023-05-14 16:00:00,1389.5052270562817,A
182,2023-05-14 15:00:00,2441.6366213750307,A
183,2023-05-14 14:00:00,3466.1109313642864,A
184,2023-05-14 13:00:00,3513.606968641845,A
185,2023-05-14 12:00:00,4389.792630075404,A
186,2023-05-14 11:00:00,5092.692070438292,A
187,2023-05-14 10:00:00,5269.119696740415,A
188,2023-05-14 09:00:00,5290.904098451285,A
189,2023-05-14 17:00:00,659.752175684489,A
190,2023-05-14 08:00:00,4408.879906037266,A
191,2023-05-14 06:00:00,2892.537981139862,A
192,2023-05-14 05:00:00,1810.1454047356729,A
193,2023-05-14 04:00:00,695.5772645705827,A
194,2023-05-14 03:00:00,113.30512674146873,A
195,2023-05-14 02:00:00,0.0,A
196,2023-05-14 01:00:00,53.23516263010311,A
197,2023-05-14 00:00:00,128.9486412748373,A
198,2023-05-06 23:00:00,0.0,A
199,2023-05-14 07:00:00,4316.947105790435,A
200,2023-05-14 18:00:00,346.46631315509296,A
201,2023-05-14 19:00:00,145.83974220749985,A
202,2023-05-14 20:00:00,56.913885210453145,A
203,2023-05-18 15:00:00,3000.2286997666843,A
204,2023-05-18 14:00:00,2757.031696118829,A
205,2023-05-18 13:00:00,2520.719597155141,A
206,2023-05-18 12:00:00,2972.634018920457,A
207,2023-05-18 11:00:00,3627.1023665859766,A
208,2023-05-18 10:00:00,2856.335925996972,A
209,2023-05-18 09:00:00,2769.466429046588,A
210,2023-05-18 08:00:00,3664.9861917913454,A
211,2023-05-18 07:00:00,3554.861724057902,A
212,2023-05-18 06:00:00,2676.639105214544,A
213,2023-05-18 05:00:00,1235.567220574687,A
214,2023-05-18 04:00:00,379.659352403574,A
215,2023-05-18 03:00:00,73.88773779372832,A
216,2023-05-18 02:00:00,18.0661499764226,A
217,2023-05-18 01:00:00,0.0,A
218,2023-05-18 00:00:00,0.0,A
219,2023-05-14 23:00:00,20.974132628376083,A
220,2023-05-14 22:00:00,23.64411771127629,A
221,2023-05-14 21:00:00,18.976613079945764,A
222,2023-05-06 22:00:00,11.229072161522708,A
223,2023-05-18 16:00:00,1913.806574429481,A
224,2023-05-06 21:00:00,0.0,A
225,2023-05-06 19:00:00,318.5557059853022,A
226,2023-05-01 19:00:00,0.0,A
227,2023-05-01 18:00:00,209.2684212283981,A
228,2023-05-01 17:00:00,689.3274153339767,A
229,2023-05-01 16:00:00,1308.6992698554857,A
230,2023-05-01 15:00:00,1933.0658848013068,A
231,2023-05-01 14:00:00,2381.8720452205725,A
232,2023-05-01 13:00:00,1621.3852932617317,A
233,2023-05-01 12:00:00,2595.4707550032454,A
234,2023-05-01 20:00:00,0.0,A
235,2023-05-01 11:00:00,2507.0589866490864,A
236,2023-05-01 09:00:00,2506.3795770339043,A
237,2023-05-01 08:00:00,2809.9050285630983,A
238,2023-05-01 07:00:00,2638.3319291016223,A
239,2023-05-01 06:00:00,1678.7284340898036,A
240,2023-05-01 05:00:00,699.7592369787046,A
241,2023-05-01 04:00:00,288.62211639109046,A
242,2023-05-01 03:00:00,33.55983054846297,A
243,2023-05-01 02:00:00,33.3295302045492,A
244,2023-05-01 10:00:00,1987.8467982946768,A
245,2023-05-01 21:00:00,0.0,A
246,2023-05-01 22:00:00,61.34063620234952,A
247,2023-05-01 23:00:00,61.67358856439205,A
248,2023-05-06 18:00:00,602.9294716091081,A
249,2023-05-06 17:00:00,912.6065447088048,A
250,2023-05-06 16:00:00,1986.581617124248,A
251,2023-05-06 15:00:00,2532.745563471244,A
252,2023-05-06 14:00:00,3394.0938832667466,A
253,2023-05-06 13:00:00,4177.782125532329,A
254,2023-05-06 12:00:00,4223.102405934009,A
255,2023-05-06 11:00:00,4178.642504932031,A
256,2023-05-06 10:00:00,4412.770906344785,A
257,2023-05-06 09:00:00,4177.266901875779,A
258,2023-05-06 08:00:00,3726.30460370761,A
259,2023-05-06 07:00:00,2459.8869170941693,A
260,2023-05-06 06:00:00,1857.3731948376665,A
261,2023-05-06 05:00:00,1155.322760357905,A
262,2023-05-06 04:00:00,353.9819450452851,A
263,2023-05-06 03:00:00,92.01051083369964,A
264,2023-05-06 02:00:00,0.0,A
265,2023-05-06 01:00:00,0.0,A
266,2023-05-06 00:00:00,37.528490544722445,A
267,2023-05-06 20:00:00,210.8574003235924,A
268,2023-05-23 11:00:00,1487.7925129243151,A
269,2023-05-18 17:00:00,890.1015930919102,A
270,2023-05-18 19:00:00,104.23863811275658,A
271,2023-05-22 10:00:00,4558.280510671384,A
272,2023-05-22 09:00:00,4719.433882137942,A
273,2023-05-22 08:00:00,4218.085791418809,A
274,2023-05-22 07:00:00,3323.164440934807,A
275,2023-05-22 06:00:00,2549.291022247503,A
276,2023-05-22 05:00:00,1488.1790879962673,A
277,2023-05-22 04:00:00,575.1753112970778,A
278,2023-05-22 03:00:00,358.8128764934046,A
279,2023-05-22 11:00:00,4054.268147346596,A
280,2023-05-22 02:00:00,157.16284572941743,A
281,2023-05-22 00:00:00,90.3812852808992,A
282,2023-05-21 23:00:00,9.007686445492936,A
283,2023-05-21 22:00:00,0.0,A
284,2023-05-21 21:00:00,88.62376267661773,A
285,2023-05-21 20:00:00,20.73684849398024,A
286,2023-05-21 19:00:00,167.70641653765767,A
287,2023-05-21 18:00:00,269.0125850697149,A
288,2023-05-21 17:00:00,845.3050213444953,A
289,2023-05-22 01:00:00,63.824362981917375,A
290,2023-05-22 12:00:00,3792.114997880182,A
291,2023-05-22 13:00:00,3542.1127936277185,A
292,2023-05-22 14:00:00,3169.0938083879896,A
293,2023-05-23 09:00:00,753.0393946884549,A
294,2023-05-23 08:00:00,702.1413394183685,A
295,2023-05-23 07:00:00,445.96498566999264,A
296,2023-05-23 06:00:00,298.1713966494684,A
297,2023-05-23 05:00:00,171.97660327701865,A
298,2023-05-23 04:00:00,251.14966021603004,A
299,2023-05-23 03:00:00,178.46284990361903,A
300,2023-05-23 02:00:00,69.60532203272237,A
301,2023-05-23 01:00:00,77.89669186473611,A
302,2023-05-23 00:00:00,49.606469083760885,A
303,2023-05-22 23:00:00,174.04006415172944,A
304,2023-05-22 22:00:00,0.0,A
305,2023-05-22 21:00:00,4.743198355787172,A
306,2023-05-22 20:00:00,34.05873574892394,A
307,2023-05-22 19:00:00,105.46191030386149,A
308,2023-05-22 18:00:00,588.9536237293223,A
309,2023-05-22 17:00:00,911.1995530438032,A
310,2023-05-22 16:00:00,1585.9077356966704,A
311,2023-05-22 15:00:00,2261.655550225965,A
312,2023-05-21 16:00:00,1501.4005385116782,A
313,2023-05-18 18:00:00,503.6270063307627,A
314,2023-05-21 15:00:00,2648.5914757764344,A
315,2023-05-21 13:00:00,2766.04399705916,A
316,2023-05-20 13:00:00,4013.61417743985,A
317,2023-05-20 12:00:00,4590.747035072558,A
318,2023-05-20 11:00:00,5093.344917450941,A
319,2023-05-20 10:00:00,4831.816756791288,A
320,2023-05-20 09:00:00,4391.427677796417,A
321,2023-05-20 08:00:00,4626.382449875851,A
322,2023-05-20 07:00:00,3109.1143305166142,A
323,2023-05-20 06:00:00,2617.308388440705,A
324,2023-05-20 14:00:00,3553.7972146604325,A
325,2023-05-20 05:00:00,1064.5704083215635,A
326,2023-05-20 03:00:00,341.901295210193,A
327,2023-05-20 02:00:00,65.36035153235048,A
328,2023-05-20 01:00:00,62.54147089919093,A
329,2023-05-20 00:00:00,0.0,A
330,2023-05-18 23:00:00,68.50468448896117,A
331,2023-05-18 22:00:00,9.81150362859671,A
332,2023-05-18 21:00:00,0.0,A
333,2023-05-18 20:00:00,133.36872765664327,A
334,2023-05-20 04:00:00,538.2826782421802,A
335,2023-05-20 15:00:00,2822.399820593637,A
336,2023-05-20 16:00:00,2072.789598255366,A
337,2023-05-20 17:00:00,1170.9852334064146,A
338,2023-05-21 12:00:00,2007.927194788294,A
339,2023-05-21 11:00:00,2700.359895795683,A
340,2023-05-21 10:00:00,4186.987747537696,A
341,2023-05-21 09:00:00,3906.5178109267727,A
342,2023-05-21 08:00:00,4466.08606725241,A
343,2023-05-21 07:00:00,3246.975716138466,A
344,2023-05-21 06:00:00,2222.1636193218264,A
345,2023-05-21 05:00:00,1253.7996163800951,A
346,2023-05-21 04:00:00,272.96186109428027,A
347,2023-05-21 03:00:00,113.164586412949,A
348,2023-05-21 02:00:00,124.40421683222348,A
349,2023-05-21 01:00:00,66.97883615907176,A
350,2023-05-21 00:00:00,0.0,A
351,2023-05-20 23:00:00,0.0,A
352,2023-05-20 22:00:00,0.0,A
353,2023-05-20 21:00:00,0.0,A
354,2023-05-20 20:00:00,22.786186532137208,A
355,2023-05-20 19:00:00,156.92406385638856,A
356,2023-05-20 18:00:00,659.4889846079564,A
357,2023-05-21 14:00:00,2975.5449856335567,A
358,2023-06-04 00:00:00,0.0,A
359,2023-06-04 01:00:00,0.0,A
360,2023-06-04 02:00:00,83.59654093301538,A
361,2023-06-28 06:00:00,3286.001893866812,A
362,2023-06-28 05:00:00,2011.8458022887687,A
363,2023-06-28 04:00:00,1009.0211199522836,A
364,2023-06-28 03:00:00,477.4997577533297,A
365,2023-06-28 02:00:00,320.5246823267273,A
366,2023-06-28 01:00:00,348.2965119410416,A
367,2023-06-28 00:00:00,224.1796247452341,A
368,2023-06-26 23:00:00,60.87087131274461,A
369,2023-06-28 07:00:00,4155.425474247349,A
370,2023-06-26 22:00:00,18.386818954896853,A
371,2023-06-26 20:00:00,0.0,A
372,2023-06-26 19:00:00,0.0,A
373,2023-06-26 18:00:00,7.388309482252225,A
374,2023-06-26 17:00:00,528.829120308883,A
375,2023-06-26 16:00:00,1235.2146598444838,A
376,2023-06-26 15:00:00,1709.6283359928016,A
377,2023-06-26 14:00:00,2391.1696670280444,A
378,2023-06-26 13:00:00,2699.858155101024,A
379,2023-06-26 21:00:00,0.0,A
380,2023-06-28 08:00:00,4558.230292094473,A
381,2023-06-28 09:00:00,4681.724418738332,A
382,2023-06-28 10:00:00,4902.304179418457,A
383,2023-06-29 05:00:00,325.20464034580243,A
384,2023-06-29 04:00:00,169.63912692397005,A
385,2023-06-29 03:00:00,0.0,A
386,2023-06-29 02:00:00,205.4866286098845,A
387,2023-06-29 01:00:00,151.89752484363532,A
388,2023-06-29 00:00:00,0.0,A
389,2023-06-28 23:00:00,0.0,A
390,2023-06-28 22:00:00,0.0,A
391,2023-06-28 21:00:00,113.25294967855244,A
392,2023-06-28 20:00:00,243.417656827938,A
393,2023-06-28 19:00:00,240.012894944349,A
394,2023-06-28 18:00:00,480.0535538731335,A
395,2023-06-28 17:00:00,466.4775970168855,A
396,2023-06-28 16:00:00,1318.5347332225997,A
397,2023-06-28 15:00:00,1835.1166320563807,A
398,2023-06-28 14:00:00,2737.106443552622,A
399,2023-06-28 13:00:00,3813.523521885976,A
400,2023-06-28 12:00:00,4402.491662995,A
401,2023-06-28 11:00:00,4617.553027077434,A
402,2023-06-26 12:00:00,3941.961793678246,A
403,2023-06-29 06:00:00,880.0733723901553,A
404,2023-06-26 11:00:00,4706.417885177764,A
405,2023-06-26 09:00:00,4571.139722643653,A
406,2023-06-22 09:00:00,1438.646890238003,A
407,2023-06-22 08:00:00,1051.730947952201,A
408,2023-06-22 07:00:00,542.0609248877936,A
409,2023-06-22 06:00:00,493.32827663147725,A
410,2023-06-22 05:00:00,279.52939863519657,A
411,2023-06-22 04:00:00,230.22726411343376,A
412,2023-06-22 03:00:00,208.34703108045665,A
413,2023-06-22 02:00:00,94.29009414936228,A
414,2023-06-22 10:00:00,1696.3436431210853,A
415,2023-06-22 01:00:00,0.0,A
416,2023-06-19 23:00:00,130.27585362895957,A
417,2023-06-19 22:00:00,45.37394737630211,A
418,2023-06-19 21:00:00,152.07086876379742,A
419,2023-06-19 20:00:00,123.31472186821566,A
420,2023-06-19 19:00:00,469.73223684407935,A
421,2023-06-19 18:00:00,567.9957393245471,A
422,2023-06-19 17:00:00,1186.0167313317238,A
423,2023-06-19 16:00:00,1656.980466466978,A
424,2023-06-22 00:00:00,0.0,A
425,2023-06-22 11:00:00,1268.7907647627944,A
426,2023-06-22 12:00:00,1067.5619735984303,A
427,2023-06-22 13:00:00,735.4975074374586,A
428,2023-06-26 08:00:00,3999.098722450952,A
429,2023-06-26 07:00:00,3274.776631945923,A
430,2023-06-26 06:00:00,2510.550101570816,A
431,2023-06-26 05:00:00,1994.6565390354767,A
432,2023-06-26 04:00:00,739.3636013773375,A
433,2023-06-26 03:00:00,362.1376754829757,A
434,2023-06-26 02:00:00,274.2589729640406,A
435,2023-06-26 01:00:00,103.6991649053449,A
436,2023-06-26 00:00:00,82.83202989097333,A
437,2023-06-22 23:00:00,31.27422090663368,A
438,2023-06-22 22:00:00,107.65048957316652,A
439,2023-06-22 21:00:00,110.4359926235744,A
440,2023-06-22 20:00:00,193.67990982768788,A
441,2023-06-22 19:00:00,254.98244915910692,A
442,2023-06-22 18:00:00,834.3308290116556,A
443,2023-06-22 17:00:00,1354.822210178624,A
444,2023-06-22 16:00:00,2091.0634679638065,A
445,2023-06-22 15:00:00,1914.49546323614,A
446,2023-06-22 14:00:00,2156.593336424149,A
447,2023-06-26 10:00:00,5179.27766961266,A
448,2023-06-19 15:00:00,2636.2318017226694,A
449,2023-06-29 07:00:00,1037.586789409685,A
450,2023-06-29 09:00:00,1275.4944762060752,A
451,2023-07-03 00:00:00,51.1763544583514,A
452,2023-07-02 23:00:00,38.76827338325097,A
453,2023-07-02 22:00:00,0.0,A
454,2023-07-02 21:00:00,16.49242936365249,A
455,2023-07-02 20:00:00,116.33306982256704,A
456,2023-07-02 19:00:00,163.60378367830583,A
457,2023-07-02 18:00:00,337.898352945477,A
458,2023-07-02 17:00:00,162.1148893395963,A
459,2023-07-03 01:00:00,0.0,A
460,2023-07-02 16:00:00,786.9343485908774,A
461,2023-07-02 14:00:00,2829.4950491887785,A
462,2023-07-02 13:00:00,4020.435047813508,A
463,2023-07-02 12:00:00,3509.597059475057,A
464,2023-07-02 11:00:00,4018.403055085325,A
465,2023-07-02 10:00:00,4064.5390723400737,A
466,2023-07-02 09:00:00,3789.1308331225273,A
467,2023-07-02 08:00:00,3679.8420106585454,A
468,2023-07-02 07:00:00,2350.5039962587307,A
469,2023-07-02 15:00:00,2044.4031070838785,A
470,2023-07-03 02:00:00,67.86961048307035,A
471,2023-07-03 03:00:00,26.56415720733162,A
472,2023-07-03 04:00:00,223.5173909041158,A
473,2023-07-03 23:00:00,123.49797496194437,A
474,2023-07-03 22:00:00,105.48054237691896,A
475,2023-07-03 21:00:00,77.64209398589242,A
476,2023-07-03 20:00:00,19.490101977856284,A
477,2023-07-03 19:00:00,341.4099910953472,A
478,2023-07-03 18:00:00,352.16121180713424,A
479,2023-07-03 17:00:00,505.6868591591455,A
480,2023-07-03 16:00:00,622.0349508201225,A
481,2023-07-03 15:00:00,964.4048898340476,A
482,2023-07-03 14:00:00,2323.2585366234407,A
483,2023-07-03 13:00:00,2706.2474611384214,A
484,2023-07-03 12:00:00,3172.616785913941,A
485,2023-07-03 11:00:00,2658.628594383155,A
486,2023-07-03 10:00:00,2264.503527504612,A
487,2023-07-03 09:00:00,2099.5112233085656,A
488,2023-07-03 08:00:00,548.441973801339,A
489,2023-07-03 07:00:00,489.8282520251689,A
490,2023-07-03 06:00:00,719.7107374160698,A
491,2023-07-03 05:00:00,643.995292206723,A
492,2023-07-02 06:00:00,2223.745227584262,A
493,2023-06-29 08:00:00,1041.145931007453,A
494,2023-07-02 05:00:00,1105.6629271889983,A
495,2023-07-02 03:00:00,155.59810297656645,A
496,2023-06-30 03:00:00,452.824820625644,A
497,2023-06-30 02:00:00,27.327352581042987,A
498,2023-06-30 01:00:00,0.0,A
499,2023-06-30 00:00:00,11.551289758364874,A
500,2023-06-29 23:00:00,40.67023655959838,A
501,2023-06-29 22:00:00,96.38384623316188,A
502,2023-06-29 21:00:00,227.9053720797159,A
503,2023-06-29 20:00:00,246.02669718939148,A
504,2023-06-30 04:00:00,335.42845167031305,A
505,2023-06-29 19:00:00,241.36736584898503,A
506,2023-06-29 17:00:00,287.5890307159291,A
507,2023-06-29 16:00:00,533.5991288662696,A
508,2023-06-29 15:00:00,423.381712656061,A
509,2023-06-29 14:00:00,447.1063746446292,A
510,2023-06-29 13:00:00,957.1709826119755,A
511,2023-06-29 12:00:00,1219.2850570092291,A
512,2023-06-29 11:00:00,1860.133017125524,A
513,2023-06-29 10:00:00,1136.4345845653634,A
514,2023-06-29 18:00:00,75.83469316587843,A
515,2023-06-30 05:00:00,256.9989451844582,A
516,2023-06-30 06:00:00,259.2829279610719,A
517,2023-06-30 07:00:00,731.5677748857427,A
518,2023-07-02 02:00:00,56.388598419131085,A
519,2023-07-02 01:00:00,0.0,A
520,2023-07-02 00:00:00,0.0,A
521,2023-06-30 23:00:00,73.42951798345439,A
522,2023-06-30 22:00:00,0.0,A
523,2023-06-30 21:00:00,27.264773386929846,A
524,2023-06-30 20:00:00,0.6667463741932806,A
525,2023-06-30 19:00:00,111.7405134332057,A
526,2023-06-30 18:00:00,413.8352220543841,A
527,2023-06-30 17:00:00,367.7654624962015,A
528,2023-06-30 16:00:00,409.35259839422577,A
529,2023-06-30 15:00:00,616.8769149156935,A
530,2023-06-30 14:00:00,1326.455914886394,A
531,2023-06-30 13:00:00,936.7394136956256,A
532,2023-06-30 12:00:00,527.9429562374885,A
533,2023-06-30 11:00:00,665.3140323741304,A
534,2023-06-30 10:00:00,950.2873859041862,A
535,2023-06-30 09:00:00,784.1355023103142,A
536,2023-06-30 08:00:00,560.633316100384,A
537,2023-07-02 04:00:00,482.9656205409815,A
538,2023-06-19 14:00:00,3215.5925495138595,A
539,2023-06-19 13:00:00,3401.78966912078,A
540,2023-06-19 12:00:00,3213.587127831324,A
541,2023-06-09 17:00:00,1311.6893572612698,A
542,2023-06-09 16:00:00,1942.43063022365,A
543,2023-06-09 15:00:00,2866.4300155360934,A
544,2023-06-09 14:00:00,3721.943246922783,A
545,2023-06-09 13:00:00,4345.566410886408,A
546,2023-06-09 12:00:00,4665.623054952652,A
547,2023-06-09 11:00:00,4213.171288620377,A
548,2023-06-09 10:00:00,4839.1055939930975,A
549,2023-06-09 18:00:00,651.9694688307061,A
550,2023-06-09 09:00:00,4807.0402672281725,A
551,2023-06-09 07:00:00,3578.031869736372,A
552,2023-06-09 06:00:00,3328.0287205276413,A
553,2023-06-09 05:00:00,2029.5572337023443,A
554,2023-06-09 04:00:00,532.1231308523055,A
555,2023-06-09 03:00:00,137.87490287322908,A
556,2023-06-09 02:00:00,18.82193560581959,A
557,2023-06-09 01:00:00,11.464594499685065,A
558,2023-06-09 00:00:00,0.0,A
559,2023-06-09 08:00:00,4407.191961196182,A
560,2023-06-09 19:00:00,482.1742137727989,A
561,2023-06-09 20:00:00,220.2580287899137,A
562,2023-06-09 21:00:00,65.07350052385596,A
563,2023-06-11 16:00:00,861.762406736467,A
564,2023-06-11 15:00:00,406.2682782152448,A
565,2023-06-11 14:00:00,253.5788589622333,A
566,2023-06-11 13:00:00,1232.926437828668,A
567,2023-06-11 12:00:00,1127.814401082031,A
568,2023-06-11 11:00:00,2967.1192527663543,A
569,2023-06-11 10:00:00,4090.65303926496,A
570,2023-06-11 09:00:00,4879.850880434256,A
571,2023-06-11 08:00:00,3974.195675299093,A
572,2023-06-11 07:00:00,2978.3953628351364,A
573,2023-06-11 06:00:00,1451.6128008116088,A
574,2023-06-11 05:00:00,1258.0584343657083,A
575,2023-06-11 04:00:00,887.6136167862494,A
576,2023-06-11 03:00:00,404.7458077043234,A
577,2023-06-11 02:00:00,240.14772035931844,A
578,2023-06-11 01:00:00,249.8265230384311,A
579,2023-06-11 00:00:00,198.6911680960859,A
580,2023-06-09 23:00:00,112.04711984748816,A
581,2023-06-09 22:00:00,14.88327496663669,A
582,2023-06-06 23:00:00,0.0,A
583,2023-06-11 17:00:00,678.6609518906151,A
584,2023-06-06 22:00:00,0.0,A
585,2023-06-06 20:00:00,0.0,A
586,2023-06-04 20:00:00,0.0,A
587,2023-06-04 19:00:00,242.85402220914352,A
588,2023-06-04 18:00:00,276.81917687455496,A
589,2023-06-04 17:00:00,418.287355789558,A
590,2023-06-04 16:00:00,855.6516547010302,A
591,2023-06-04 15:00:00,1114.812642408576,A
592,2023-06-04 14:00:00,685.9856941592304,A
593,2023-06-04 13:00:00,1485.941521638496,A
594,2023-06-04 21:00:00,0.0,A
595,2023-06-04 12:00:00,1986.551210053038,A
596,2023-06-04 10:00:00,1793.108734127435,A
597,2023-06-04 09:00:00,2053.7989878970866,A
598,2023-06-04 08:00:00,1580.731477589646,A
599,2023-06-04 07:00:00,945.5793389330491,A
600,2023-06-04 06:00:00,930.4268689997616,A
601,2023-06-04 05:00:00,596.3328652249268,A
602,2023-06-04 04:00:00,400.6311392547633,A
603,2023-06-04 03:00:00,163.43478914657703,A
604,2023-06-04 11:00:00,1828.374943051294,A
605,2023-06-04 22:00:00,0.0,A
606,2023-06-04 23:00:00,0.0,A
607,2023-06-06 00:00:00,0.0,A
608,2023-06-06 19:00:00,207.3738387862095,A
609,2023-06-06 18:00:00,352.363845226427,A
610,2023-06-06 17:00:00,641.4660085154092,A
611,2023-06-06 16:00:00,857.8494842733664,A
612,2023-06-06 15:00:00,757.2594883657597,A
613,2023-06-06 14:00:00,1408.822404774142,A
614,2023-06-06 13:00:00,1835.570252252605,A
615,2023-06-06 12:00:00,1746.6779164741297,A
616,2023-06-06 11:00:00,1641.2659159355248,A
617,2023-06-06 10:00:00,1590.3848677357062,A
618,2023-06-06 09:00:00,1198.4409065982256,A
619,2023-06-06 08:00:00,1074.9152123383778,A
620,2023-06-06 07:00:00,977.6912874465792,A
621,2023-06-06 06:00:00,592.424174440564,A
622,2023-06-06 05:00:00,375.80166604517024,A
623,2023-06-06 04:00:00,358.8090690877016,A
624,2023-06-06 03:00:00,245.84080327897777,A
625,2023-06-06 02:00:00,0.0,A
626,2023-06-06 01:00:00,0.0,A
627,2023-06-06 21:00:00,0.0,A
628,2023-06-11 18:00:00,0.0,A
629,2023-06-11 19:00:00,75.76803090941871,A
630,2023-06-11 20:00:00,0.0,A
631,2023-06-18 12:00:00,3535.517973844302,A
632,2023-06-18 11:00:00,4677.360854230403,A
633,2023-06-18 10:00:00,5137.940412120718,A
634,2023-06-18 09:00:00,5243.310513445835,A
635,2023-06-18 08:00:00,4295.114017759733,A
636,2023-06-18 07:00:00,4095.5157136154494,A
637,2023-06-18 06:00:00,2917.950511687817,A
638,2023-06-18 05:00:00,2186.7221880524844,A
639,2023-06-18 13:00:00,3524.118796671863,A
640,2023-06-18 04:00:00,1211.3659409335114,A
641,2023-06-18 02:00:00,335.280880194888,A
642,2023-06-18 01:00:00,59.56284758875063,A
643,2023-06-18 00:00:00,0.0,A
644,2023-06-14 23:00:00,0.0,A
645,2023-06-14 22:00:00,0.0,A
646,2023-06-14 21:00:00,49.17053632881721,A
647,2023-06-14 20:00:00,109.30720347339172,A
648,2023-06-14 19:00:00,392.32968482877845,A
649,2023-06-18 03:00:00,729.2637136949459,A
650,2023-06-18 14:00:00,3376.7921725349497,A
651,2023-06-18 15:00:00,2119.183145875527,A
652,2023-06-18 16:00:00,1441.739666467601,A
653,2023-06-19 11:00:00,1935.7575696276213,A
654,2023-06-19 10:00:00,1234.1347982453267,A
655,2023-06-19 09:00:00,707.6888464720889,A
656,2023-06-19 08:00:00,557.5936649392243,A
657,2023-06-19 07:00:00,1375.692464618631,A
658,2023-06-19 06:00:00,703.5446778243316,A
659,2023-06-19 05:00:00,0.0,A
660,2023-06-19 04:00:00,0.0,A
661,2023-06-19 03:00:00,0.0,A
662,2023-06-19 02:00:00,0.0,A
663,2023-06-19 01:00:00,0.0,A
664,2023-06-19 00:00:00,0.0,A
665,2023-06-18 23:00:00,41.84023647494041,A
666,2023-06-18 22:00:00,0.0,A
667,2023-06-18 21:00:00,43.06247219841544,A
668,2023-06-18 20:00:00,127.1965563373676,A
669,2023-06-18 19:00:00,198.2320178121765,A
670,2023-06-18 18:00:00,423.97794729888153,A
671,2023-06-18 17:00:00,1037.699440570462,A
672,2023-06-14 18:00:00,751.0180314602201,A
673,2023-06-14 17:00:00,1127.8817285567764,A
674,2023-06-14 16:00:00,2130.4439915986586,A
675,2023-06-14 15:00:00,2987.1003464672085,A
676,2023-06-13 15:00:00,2667.9027462672093,A
677,2023-06-13 14:00:00,3127.328638237608,A
678,2023-06-13 13:00:00,3905.843045511108,A
679,2023-06-13 12:00:00,3886.6918960818753,A
680,2023-06-13 11:00:00,4185.886799978704,A
681,2023-06-13 10:00:00,4393.954628124058,A
682,2023-06-13 09:00:00,3732.693676269884,A
683,2023-06-13 08:00:00,3347.685525676626,A
684,2023-06-13 07:00:00,3517.7178955931968,A
685,2023-06-13 06:00:00,2074.3228928218286,A
686,2023-06-13 05:00:00,650.6457951436558,A
687,2023-06-13 04:00:00,262.40708210509297,A
688,2023-06-13 03:00:00,0.0,A
689,2023-06-13 02:00:00,0.0,A
690,2023-06-13 01:00:00,0.0,A
691,2023-06-13 00:00:00,0.0,A
692,2023-06-11 23:00:00,15.857831614140878,A
693,2023-06-11 22:00:00,0.0,A
694,2023-06-11 21:00:00,29.690018806168155,A
695,2023-06-13 16:00:00,2165.500520915364,A
696,2023-05-01 01:00:00,0.0,A
697,2023-06-13 17:00:00,1478.0690291899152,A
698,2023-06-13 19:00:00,248.150086232566,A
699,2023-06-14 14:00:00,3482.2177865659205,A
700,2023-06-14 13:00:00,4033.165990586861,A
701,2023-06-14 12:00:00,4244.173604965745,A
702,2023-06-14 11:00:00,4815.109818145904,A
703,2023-06-14 10:00:00,5313.392093250303,A
704,2023-06-14 09:00:00,5667.678434175782,A
705,2023-06-14 08:00:00,4546.318784437775,A
706,2023-06-14 07:00:00,3467.808668698424,A
707,2023-06-14 06:00:00,2990.1879801834107,A
708,2023-06-14 05:00:00,1816.488023373996,A
709,2023-06-14 04:00:00,808.7153560792772,A
710,2023-06-14 03:00:00,352.5874961806732,A
711,2023-06-14 02:00:00,228.0837577912752,A
712,2023-06-14 01:00:00,86.56030166188691,A
713,2023-06-14 00:00:00,0.0,A
714,2023-06-13 23:00:00,79.01988565968963,A
715,2023-06-13 22:00:00,4.785954309254976,A
716,2023-06-13 21:00:00,48.26096408628359,A
717,2023-06-13 20:00:00,15.02747772780708,A
718,2023-06-13 18:00:00,751.3433653799708,A
719,2023-05-01 00:00:00,12.524005292901164,A
720,2023-05-01 00:00:00,12.421239508641207,B
721,2023-07-03 22:00:00,0.0,B
722,2023-05-28 04:00:00,85.72942302414845,B
723,2023-05-28 03:00:00,53.83482324022461,B
724,2023-05-28 02:00:00,13.831529370802484,B
725,2023-05-28 01:00:00,5.896624228089792,B
726,2023-05-28 00:00:00,27.501326797383854,B
727,2023-05-27 23:00:00,12.656264386400435,B
728,2023-05-27 22:00:00,1.2415028558000074,B
729,2023-05-27 21:00:00,0.0,B
730,2023-05-28 05:00:00,194.1633874477349,B
731,2023-05-27 20:00:00,11.74403798385481,B
732,2023-05-27 18:00:00,42.07426933460855,B
733,2023-05-27 17:00:00,39.478392674631095,B
734,2023-05-27 16:00:00,96.3199616431469,B
735,2023-05-27 15:00:00,190.3285021582781,B
736,2023-05-27 14:00:00,228.4286298734025,B
737,2023-05-27 13:00:00,303.45243104202035,B
738,2023-05-27 12:00:00,379.8476193797479,B
739,2023-05-27 11:00:00,519.594573906159,B
740,2023-05-27 19:00:00,16.459829812753185,B
741,2023-05-28 06:00:00,233.64710754123905,B
742,2023-05-28 07:00:00,316.7160705895775,B
743,2023-05-28 08:00:00,399.386931538397,B
744,2023-05-30 03:00:00,33.54545450920031,B
745,2023-05-30 02:00:00,13.296469140372125,B
746,2023-05-30 01:00:00,15.398428977313074,B
747,2023-05-30 00:00:00,18.547104080679816,B
748,2023-05-28 23:00:00,0.0,B
749,2023-05-28 22:00:00,0.0,B
750,2023-05-28 21:00:00,19.23821633584467,B
751,2023-05-28 20:00:00,20.07857746679835,B
752,2023-05-28 19:00:00,48.7274806262115,B
753,2023-05-28 18:00:00,64.46620471659551,B
754,2023-05-28 17:00:00,166.1877337951061,B
755,2023-05-28 16:00:00,350.9504410256137,B
756,2023-05-28 15:00:00,221.0543955470744,B
757,2023-05-28 14:00:00,496.8962101336715,B
758,2023-05-28 13:00:00,439.5320670864932,B
759,2023-05-28 12:00:00,511.65673526386064,B
760,2023-05-28 11:00:00,518.5644395871428,B
761,2023-05-28 10:00:00,408.2062852378826,B
762,2023-05-28 09:00:00,350.6465765091529,B
763,2023-05-27 10:00:00,474.11578932005045,B
764,2023-05-30 04:00:00,82.92909531910077,B
765,2023-05-27 09:00:00,478.39246058454415,B
766,2023-05-27 07:00:00,297.0692917543588,B
767,2023-05-25 07:00:00,345.46135132511904,B
768,2023-05-25 06:00:00,192.0220473779414,B
769,2023-05-25 05:00:00,159.3805284282233,B
770,2023-05-25 04:00:00,113.34570909161286,B
771,2023-05-25 03:00:00,65.90798871110476,B
772,2023-05-25 02:00:00,0.0,B
773,2023-05-25 01:00:00,12.688609321745927,B
774,2023-05-25 00:00:00,24.44924826096633,B
775,2023-05-25 08:00:00,336.766239518387,B
776,2023-05-23 23:00:00,2.0249777801688538,B
777,2023-05-23 21:00:00,11.550437329463392,B
778,2023-05-23 20:00:00,2.531881168600222,B
779,2023-05-23 19:00:00,13.85913264940757,B
780,2023-05-23 18:00:00,60.41004570847866,B
781,2023-05-23 17:00:00,121.2833446382518,B
782,2023-05-23 16:00:00,281.1521734422321,B
783,2023-05-23 15:00:00,317.0014922476702,B
784,2023-05-23 14:00:00,421.94499343090666,B
785,2023-05-23 22:00:00,3.1413914747425906,B
786,2023-05-25 09:00:00,364.8065251376447,B
787,2023-05-25 10:00:00,342.71807238166724,B
788,2023-05-25 11:00:00,482.8997263256685,B
789,2023-05-27 06:00:00,170.63521829305185,B
790,2023-05-27 05:00:00,52.31898114249151,B
791,2023-05-27 04:00:00,27.510876276842,B
792,2023-05-27 03:00:00,18.77180650055965,B
793,2023-05-27 02:00:00,23.98444708223147,B
794,2023-05-27 01:00:00,2.7507553276231533,B
795,2023-05-27 00:00:00,0.0,B
796,2023-05-25 23:00:00,15.67836131630756,B
797,2023-05-25 22:00:00,13.75221800446809,B
798,2023-05-25 21:00:00,13.444961371989365,B
799,2023-05-25 20:00:00,17.160287151574465,B
800,2023-05-25 19:00:00,24.430211553926483,B
801,2023-05-25 18:00:00,80.88448703784886,B
802,2023-05-25 17:00:00,142.39522311594595,B
803,2023-05-25 16:00:00,241.50039114505768,B
804,2023-05-25 15:00:00,433.82772132645016,B
805,2023-05-25 14:00:00,554.5539567870235,B
806,2023-05-25 13:00:00,534.1247713563628,B
807,2023-05-25 12:00:00,437.28550831298526,B
808,2023-05-27 08:00:00,490.3488804094812,B
809,2023-05-23 12:00:00,281.5663071414839,B
810,2023-05-30 05:00:00,182.51893797465488,B
811,2023-05-30 07:00:00,342.6178766310298,B
812,2023-06-02 22:00:00,0.0,B
813,2023-06-02 21:00:00,5.261732481407137,B
814,2023-06-02 20:00:00,12.649709575211917,B
815,2023-06-02 19:00:00,39.41590575570169,B
816,2023-06-02 18:00:00,44.33720060733802,B
817,2023-06-02 17:00:00,73.63611977537894,B
818,2023-06-02 16:00:00,122.61125888054946,B
819,2023-06-02 15:00:00,162.41391483910104,B
820,2023-06-02 23:00:00,1.6516193320878472,B
821,2023-06-02 14:00:00,313.728485564987,B
822,2023-06-02 12:00:00,513.4161199189759,B
823,2023-06-02 11:00:00,544.4063363105465,B
824,2023-06-02 10:00:00,642.7245446179966,B
825,2023-06-02 09:00:00,601.3511263310729,B
826,2023-06-02 08:00:00,371.6891702459268,B
827,2023-06-02 07:00:00,264.75231136046506,B
828,2023-06-02 06:00:00,242.8823089802055,B
829,2023-06-02 05:00:00,161.9007716368031,B
830,2023-06-02 13:00:00,454.353090048205,B
831,2023-06-03 00:00:00,23.847984885716187,B
832,2023-06-03 01:00:00,13.675948104603776,B
833,2023-06-03 02:00:00,4.572199235163396,B
834,2023-06-03 21:00:00,0.0,B
835,2023-06-03 20:00:00,0.0,B
836,2023-06-03 19:00:00,6.925808326882475,B
837,2023-06-03 18:00:00,44.004809437893925,B
838,2023-06-03 17:00:00,60.0624004730989,B
839,2023-06-03 16:00:00,151.68475231542334,B
840,2023-06-03 15:00:00,202.6532458610916,B
841,2023-06-03 14:00:00,251.2224324629072,B
842,2023-06-03 13:00:00,279.4717479951584,B
843,2023-06-03 12:00:00,324.51029669097346,B
844,2023-06-03 11:00:00,414.33758219870174,B
845,2023-06-03 10:00:00,428.249161075648,B
846,2023-06-03 09:00:00,370.79281738959264,B
847,2023-06-03 08:00:00,287.163664593003,B
848,2023-06-03 07:00:00,261.69126184296005,B
849,2023-06-03 06:00:00,211.8506817307876,B
850,2023-06-03 05:00:00,94.76027689140516,B
851,2023-06-03 04:00:00,49.84717266838172,B
852,2023-06-03 03:00:00,0.0,B
853,2023-06-02 04:00:00,73.52512960140785,B
854,2023-05-30 06:00:00,278.7216842209505,B
855,2023-06-02 03:00:00,18.598994895137054,B
856,2023-06-02 01:00:00,3.2467555425959063,B
857,2023-06-01 01:00:00,8.504857852169636,B
858,2023-06-01 00:00:00,13.854776555032345,B
859,2023-05-30 23:00:00,22.890995869406936,B
860,2023-05-30 22:00:00,14.20474424451183,B
861,2023-05-30 21:00:00,0.0,B
862,2023-05-30 20:00:00,0.0,B
863,2023-05-30 19:00:00,22.09166764658889,B
864,2023-05-30 18:00:00,40.99681107091553,B
865,2023-06-01 02:00:00,19.487296187034588,B
866,2023-05-30 17:00:00,78.83041110438974,B
867,2023-05-30 15:00:00,141.1193441344334,B
868,2023-05-30 14:00:00,189.07918332598592,B
869,2023-05-30 13:00:00,284.0433006731547,B
870,2023-05-30 12:00:00,283.4650053350685,B
871,2023-05-30 11:00:00,471.767765046665,B
872,2023-05-30 10:00:00,603.2032645490999,B
873,2023-05-30 09:00:00,423.350443201395,B
874,2023-05-30 08:00:00,312.2225378273318,B
875,2023-05-30 16:00:00,147.99057307091385,B
876,2023-06-01 03:00:00,23.487258988565344,B
877,2023-06-01 04:00:00,99.10712520088494,B
878,2023-06-01 05:00:00,156.98557893958315,B
879,2023-06-02 00:00:00,22.099243010272147,B
880,2023-06-01 23:00:00,2.021955664686402,B
881,2023-06-01 22:00:00,8.745830229469021,B
882,2023-06-01 21:00:00,0.7402338939828894,B
883,2023-06-01 20:00:00,2.359764534168022,B
884,2023-06-01 19:00:00,20.519478056885102,B
885,2023-06-01 18:00:00,52.93130596806512,B
886,2023-06-01 17:00:00,117.4376549562155,B
887,2023-06-01 16:00:00,216.8293097631348,B
888,2023-06-01 15:00:00,269.98908559414264,B
889,2023-06-01 14:00:00,376.86832217992935,B
890,2023-06-01 13:00:00,458.7230935388755,B
891,2023-06-01 12:00:00,564.3756206056187,B
892,2023-06-01 11:00:00,504.4813150738614,B
893,2023-06-01 10:00:00,502.2288687546354,B
894,2023-06-01 09:00:00,437.7969929530191,B
895,2023-06-01 08:00:00,250.3427900016376,B
896,2023-06-01 07:00:00,360.1619964050808,B
897,2023-06-01 06:00:00,267.0895935904728,B
898,2023-06-02 02:00:00,0.0,B
899,2023-05-23 11:00:00,291.60594799881346,B
900,2023-05-23 10:00:00,249.22060275188977,B
901,2023-05-23 09:00:00,209.1764036193005,B
902,2023-05-14 14:00:00,550.3860321106604,B
903,2023-05-14 13:00:00,694.8393883364945,B
904,2023-05-14 12:00:00,874.4342117665914,B
905,2023-05-14 11:00:00,1007.814148073785,B
906,2023-05-14 10:00:00,997.9193430013264,B
907,2023-05-14 09:00:00,957.0095373355176,B
908,2023-05-14 08:00:00,876.5854649579342,B
909,2023-05-14 07:00:00,703.8180682964984,B
910,2023-05-14 15:00:00,431.8074534273072,B
911,2023-05-14 06:00:00,511.0822183064123,B
912,2023-05-14 04:00:00,140.6737703354127,B
913,2023-05-14 03:00:00,45.89027223744793,B
914,2023-05-14 02:00:00,12.766694432245544,B
915,2023-05-14 01:00:00,10.584524888267424,B
916,2023-05-14 00:00:00,65.98639782173899,B
917,2023-05-06 23:00:00,21.63575776569272,B
918,2023-05-06 22:00:00,30.238709161776825,B
919,2023-05-06 21:00:00,2.542800498553845,B
920,2023-05-14 05:00:00,300.09715579186854,B
921,2023-05-14 16:00:00,197.86023753053576,B
922,2023-05-14 17:00:00,127.06268205360269,B
923,2023-05-14 18:00:00,60.741521676510985,B
924,2023-05-18 13:00:00,454.1983918944908,B
925,2023-05-18 12:00:00,649.1465258061228,B
926,2023-05-18 11:00:00,638.8481165587414,B
927,2023-05-18 10:00:00,633.1549845051055,B
928,2023-05-18 09:00:00,553.5173141487523,B
929,2023-05-18 08:00:00,704.3643076498207,B
930,2023-05-18 07:00:00,652.1462798811935,B
931,2023-05-18 06:00:00,534.1802635600674,B
932,2023-05-18 05:00:00,183.8067598459748,B
933,2023-05-18 04:00:00,87.49098458343839,B
934,2023-05-18 03:00:00,23.087532025055225,B
935,2023-05-18 02:00:00,8.594875759135789,B
936,2023-05-18 01:00:00,11.965761789277252,B
937,2023-05-18 00:00:00,18.967463457736017,B
938,2023-05-14 23:00:00,6.627327890580148,B
939,2023-05-14 22:00:00,11.28124446311881,B
940,2023-05-14 21:00:00,11.498701875255309,B
941,2023-05-14 20:00:00,0.0,B
942,2023-05-14 19:00:00,10.92983278533316,B
943,2023-05-06 20:00:00,35.14519645203637,B
944,2023-05-18 14:00:00,559.5163015613209,B
945,2023-05-06 19:00:00,16.208220177338205,B
946,2023-05-06 17:00:00,124.05007249820932,B
947,2023-05-01 17:00:00,100.62761443120182,B
948,2023-05-01 16:00:00,180.3275821166852,B
949,2023-05-01 15:00:00,251.8145861671608,B
950,2023-05-01 14:00:00,405.73920447950593,B
951,2023-05-01 13:00:00,405.78129975013024,B
952,2023-05-01 12:00:00,555.4770691951835,B
953,2023-05-01 11:00:00,463.0294850579208,B
954,2023-05-01 10:00:00,423.86906450635314,B
955,2023-05-01 18:00:00,27.39146221896217,B
956,2023-05-01 09:00:00,305.1763774403149,B
957,2023-05-01 07:00:00,453.0607460992744,B
958,2023-05-01 06:00:00,323.6132965158283,B
959,2023-05-01 05:00:00,127.45900052335436,B
960,2023-05-01 04:00:00,35.90948942704836,B
961,2023-05-01 03:00:00,8.8319043207444,B
962,2023-05-01 02:00:00,0.0,B
963,2023-05-01 01:00:00,14.055580782863217,B
964,2023-07-03 23:00:00,2.405455196807964,B
965,2023-05-01 08:00:00,396.7159066562318,B
966,2023-05-01 19:00:00,0.0,B
967,2023-05-01 20:00:00,0.0,B
968,2023-05-01 21:00:00,13.817103950686146,B
969,2023-05-06 16:00:00,231.97341901914623,B
970,2023-05-06 15:00:00,351.8300455385702,B
971,2023-05-06 14:00:00,457.325960665911,B
972,2023-05-06 13:00:00,503.44780310326666,B
973,2023-05-06 12:00:00,598.0243013322429,B
974,2023-05-06 11:00:00,638.0245065580382,B
975,2023-05-06 10:00:00,675.2596188204457,B
976,2023-05-06 09:00:00,667.741887602856,B
977,2023-05-06 08:00:00,525.3331660035082,B
978,2023-05-06 07:00:00,453.6899313305688,B
979,2023-05-06 06:00:00,339.81499302620915,B
980,2023-05-06 05:00:00,247.2885899478732,B
981,2023-05-06 04:00:00,103.17902784255864,B
982,2023-05-06 03:00:00,16.611832418811304,B
983,2023-05-06 02:00:00,0.0,B
984,2023-05-06 01:00:00,10.787389754387648,B
985,2023-05-06 00:00:00,5.20773754001209,B
986,2023-05-01 23:00:00,0.0,B
987,2023-05-01 22:00:00,0.0,B
988,2023-05-06 18:00:00,73.33097146878069,B
989,2023-05-18 15:00:00,472.2283930403681,B
990,2023-05-18 16:00:00,345.8251379251205,B
991,2023-05-18 17:00:00,173.30103946786969,B
992,2023-05-22 09:00:00,918.0845591562788,B
993,2023-05-22 08:00:00,865.4144209226392,B
994,2023-05-22 07:00:00,644.9114200262424,B
995,2023-05-22 06:00:00,533.5189954589646,B
996,2023-05-22 05:00:00,355.1700556757676,B
997,2023-05-22 04:00:00,155.476489530097,B
998,2023-05-22 03:00:00,47.17476963902655,B
999,2023-05-22 02:00:00,0.0,B
1000,2023-05-22 10:00:00,939.7500892569522,B
1001,2023-05-22 01:00:00,0.0,B
1002,2023-05-21 23:00:00,19.29265951505453,B
1003,2023-05-21 22:00:00,12.359421667258772,B
1004,2023-05-21 21:00:00,2.374383634512469,B
1005,2023-05-21 20:00:00,0.0,B
1006,2023-05-21 19:00:00,40.1925494628008,B
1007,2023-05-21 18:00:00,85.90121291244799,B
1008,2023-05-21 17:00:00,168.3007613081296,B
1009,2023-05-21 16:00:00,288.4910880060298,B
1010,2023-05-22 00:00:00,0.0,B
1011,2023-05-22 11:00:00,850.7105720017348,B
1012,2023-05-22 12:00:00,849.5605663308276,B
1013,2023-05-22 13:00:00,812.7035504865263,B
1014,2023-05-23 08:00:00,141.21094631858574,B
1015,2023-05-23 07:00:00,99.39577723526872,B
1016,2023-05-23 06:00:00,46.96911215534868,B
1017,2023-05-23 05:00:00,49.21958138953045,B
1018,2023-05-23 04:00:00,40.25780686186204,B
1019,2023-05-23 03:00:00,10.290560780488562,B
1020,2023-05-23 02:00:00,0.0,B
1021,2023-05-23 01:00:00,0.0,B
1022,2023-05-23 00:00:00,0.0,B
1023,2023-05-22 23:00:00,25.357498080125453,B
1024,2023-05-22 22:00:00,46.25129147492126,B
1025,2023-05-22 21:00:00,22.034750300488923,B
1026,2023-05-22 20:00:00,0.0,B
1027,2023-05-22 19:00:00,13.041435896983728,B
1028,2023-05-22 18:00:00,108.22770930701851,B
1029,2023-05-22 17:00:00,220.9512977280634,B
1030,2023-05-22 16:00:00,323.68121243174915,B
1031,2023-05-22 15:00:00,514.9649237830158,B
1032,2023-05-22 14:00:00,690.611215331139,B
1033,2023-05-21 15:00:00,542.069355998337,B
1034,2023-05-21 14:00:00,655.1001741361497,B
1035,2023-05-21 13:00:00,641.0698782772749,B
1036,2023-05-21 12:00:00,561.4952500462695,B
1037,2023-05-20 12:00:00,895.7594306278718,B
1038,2023-05-20 11:00:00,933.6910565483925,B
1039,2023-05-20 10:00:00,927.5316664774872,B
1040,2023-05-20 09:00:00,785.841417374701,B
1041,2023-05-20 08:00:00,802.2463229597425,B
1042,2023-05-20 07:00:00,490.0022434478576,B
1043,2023-05-20 06:00:00,368.57846132257066,B
1044,2023-05-20 05:00:00,245.8512219265904,B
1045,2023-05-20 04:00:00,134.4558315218355,B
1046,2023-05-20 03:00:00,30.312050103912725,B
1047,2023-05-20 02:00:00,0.0,B
1048,2023-05-20 01:00:00,12.84013218375,B
1049,2023-05-20 00:00:00,2.27191286024393,B
1050,2023-05-18 23:00:00,0.0,B
1051,2023-05-18 22:00:00,5.05678297739027,B
1052,2023-05-18 21:00:00,0.0,B
1053,2023-05-18 20:00:00,0.0,B
1054,2023-05-18 19:00:00,12.797674032648018,B
1055,2023-05-18 18:00:00,78.1564600220878,B
1056,2023-05-20 13:00:00,809.3633313797527,B
1057,2023-06-03 22:00:00,1.7811608966689505,B
1058,2023-05-20 14:00:00,656.7133913583873,B
1059,2023-05-20 16:00:00,398.347444950466,B
1060,2023-05-21 11:00:00,706.9979719362416,B
1061,2023-05-21 10:00:00,721.4696939002067,B
1062,2023-05-21 09:00:00,702.5101944828104,B
1063,2023-05-21 08:00:00,696.9381674378949,B
1064,2023-05-21 07:00:00,613.4084996431056,B
1065,2023-05-21 06:00:00,457.32270203296633,B
1066,2023-05-21 05:00:00,328.0774729881857,B
1067,2023-05-21 04:00:00,112.81074865519064,B
1068,2023-05-21 03:00:00,49.95050754673801,B
1069,2023-05-21 02:00:00,0.0,B
1070,2023-05-21 01:00:00,0.0,B
1071,2023-05-21 00:00:00,0.0,B
1072,2023-05-20 23:00:00,17.058124210821603,B
1073,2023-05-20 22:00:00,26.972656993125923,B
1074,2023-05-20 21:00:00,0.0,B
1075,2023-05-20 20:00:00,0.0,B
1076,2023-05-20 19:00:00,35.67130754371709,B
1077,2023-05-20 18:00:00,90.11445018299248,B
1078,2023-05-20 17:00:00,228.8983013756585,B
1079,2023-05-20 15:00:00,508.8373087099626,B
1080,2023-06-03 23:00:00,10.610883581836475,B
1081,2023-05-23 13:00:00,410.3536794532701,B
1082,2023-07-03 21:00:00,4.292422910464069,B
1083,2023-06-28 03:00:00,107.88234198640976,B
1084,2023-06-28 02:00:00,48.04689024853028,B
1085,2023-06-28 01:00:00,20.54780965560784,B
1086,2023-06-28 00:00:00,8.241513006085086,B
1087,2023-06-26 23:00:00,6.362559353241153,B
1088,2023-06-26 22:00:00,6.327123578662111,B
1089,2023-06-26 21:00:00,9.694960442731997,B
1090,2023-06-26 20:00:00,11.239927375290392,B
1091,2023-06-28 04:00:00,197.9108718207207,B
1092,2023-06-26 19:00:00,47.46824503100868,B
1093,2023-06-26 17:00:00,138.9544651191893,B
1094,2023-06-26 16:00:00,224.79949415443485,B
1095,2023-06-26 15:00:00,280.0989238253512,B
1096,2023-06-26 14:00:00,389.9885662276562,B
1097,2023-06-26 13:00:00,597.8060085794355,B
1098,2023-06-26 12:00:00,741.8574079030994,B
1099,2023-06-26 11:00:00,802.1458426350284,B
1100,2023-06-26 10:00:00,852.9813055114824,B
1101,2023-06-26 18:00:00,68.0441231729643,B
1102,2023-06-28 05:00:00,330.4991492403937,B
1103,2023-06-28 06:00:00,520.6682998253546,B
1104,2023-06-28 07:00:00,671.5743818497873,B
1105,2023-06-29 03:00:00,79.39647759546659,B
1106,2023-06-29 01:00:00,19.538741961951303,B
1107,2023-06-29 00:00:00,39.30127327617035,B
1108,2023-06-28 23:00:00,0.0,B
1109,2023-06-28 22:00:00,0.0,B
1110,2023-06-28 21:00:00,1.8305881840117595,B
1111,2023-06-28 20:00:00,23.088717493360264,B
1112,2023-06-28 19:00:00,36.04264827106204,B
1113,2023-06-28 18:00:00,87.75185331137615,B
1114,2023-06-28 17:00:00,147.16301417176044,B
1115,2023-06-28 16:00:00,259.9260303485368,B
1116,2023-06-28 15:00:00,463.8346519082968,B
1117,2023-06-28 14:00:00,565.8096523070367,B
1118,2023-06-28 13:00:00,642.9610199128955,B
1119,2023-06-28 12:00:00,673.7020683368039,B
1120,2023-06-28 11:00:00,738.3858692338777,B
1121,2023-06-28 10:00:00,881.8209462104727,B
1122,2023-06-28 09:00:00,885.4306117859492,B
1123,2023-06-28 08:00:00,778.0305915062811,B
1124,2023-06-26 09:00:00,790.566709000725,B
1125,2023-06-29 04:00:00,71.70789424321913,B
1126,2023-06-26 08:00:00,788.0277584042593,B
1127,2023-06-26 06:00:00,525.7272381452262,B
1128,2023-06-22 06:00:00,63.64073537448979,B
1129,2023-06-22 05:00:00,0.0,B
1130,2023-06-22 04:00:00,27.529489389407843,B
1131,2023-06-22 03:00:00,0.0,B
1132,2023-06-22 02:00:00,0.0,B
1133,2023-06-22 01:00:00,46.49939149986844,B
1134,2023-06-22 00:00:00,51.33824949968846,B
1135,2023-06-19 23:00:00,0.0,B
1136,2023-06-22 07:00:00,130.00238271641993,B
1137,2023-06-19 22:00:00,2.372686594708909,B
1138,2023-06-19 20:00:00,31.834824265496025,B
1139,2023-06-19 19:00:00,61.55118147004546,B
1140,2023-06-19 18:00:00,129.65242856269555,B
1141,2023-06-19 17:00:00,215.63521382783136,B
1142,2023-06-19 16:00:00,350.13873649235205,B
1143,2023-06-19 15:00:00,507.6806425006044,B
1144,2023-06-19 14:00:00,607.8360274488376,B
1145,2023-06-19 13:00:00,826.5187899071493,B
1146,2023-06-19 21:00:00,29.74037999690671,B
1147,2023-06-22 08:00:00,228.65041577282267,B
1148,2023-06-22 09:00:00,351.46558652742283,B
1149,2023-06-22 10:00:00,445.10472723986703,B
1150,2023-06-26 05:00:00,322.48030144487404,B
1151,2023-06-26 04:00:00,175.33908884245346,B
1152,2023-06-26 03:00:00,104.72384641039376,B
1153,2023-06-26 02:00:00,36.34604296233627,B
1154,2023-06-26 01:00:00,21.847015297836634,B
1155,2023-06-26 00:00:00,17.290184401858824,B
1156,2023-06-22 23:00:00,12.194850193780836,B
1157,2023-06-22 22:00:00,0.0,B
1158,2023-06-22 21:00:00,4.853446753121631,B
1159,2023-06-22 20:00:00,0.0,B
1160,2023-06-22 19:00:00,51.38229801091478,B
1161,2023-06-22 18:00:00,101.92453934240118,B
1162,2023-06-22 17:00:00,204.17326553126304,B
1163,2023-06-22 16:00:00,230.11731427090035,B
1164,2023-06-22 15:00:00,420.1282700309542,B
1165,2023-06-22 14:00:00,442.8833188030268,B
1166,2023-06-22 13:00:00,276.1165064627536,B
1167,2023-06-22 12:00:00,378.0871504692177,B
1168,2023-06-22 11:00:00,493.3175821695997,B
1169,2023-06-26 07:00:00,638.9256941788879,B
1170,2023-06-19 12:00:00,674.0372169489527,B
1171,2023-06-29 05:00:00,98.5325489937865,B
1172,2023-06-29 07:00:00,168.08657173848036,B
1173,2023-07-02 22:00:00,12.431498828945166,B
1174,2023-07-02 21:00:00,11.725737946337889,B
1175,2023-07-02 20:00:00,38.0477434784292,B
1176,2023-07-02 19:00:00,41.37805218992816,B
1177,2023-07-02 18:00:00,129.62192858522823,B
1178,2023-07-02 17:00:00,61.4624348440766,B
1179,2023-07-02 16:00:00,166.41902172643955,B
1180,2023-07-02 15:00:00,286.7135617811672,B
1181,2023-07-02 23:00:00,2.4090857670213097,B
1182,2023-07-02 14:00:00,381.9389644400527,B
1183,2023-07-02 12:00:00,687.1309805458875,B
1184,2023-07-02 11:00:00,667.0226050065089,B
1185,2023-07-02 10:00:00,733.0847452140949,B
1186,2023-07-02 09:00:00,643.3426621745261,B
1187,2023-07-02 08:00:00,660.4671387584606,B
1188,2023-07-02 07:00:00,552.4219827517614,B
1189,2023-07-02 06:00:00,371.3306223983873,B
1190,2023-07-02 05:00:00,158.19384080457553,B
1191,2023-07-02 13:00:00,532.3736800833378,B
1192,2023-07-03 00:00:00,0.0,B
1193,2023-07-03 01:00:00,0.0,B
1194,2023-07-03 02:00:00,0.0,B
1195,2023-06-04 00:00:00,36.35673113013269,B
1196,2023-07-03 20:00:00,7.246584152439965,B
1197,2023-07-03 19:00:00,66.87256236300809,B
1198,2023-07-03 18:00:00,155.82600393627882,B
1199,2023-07-03 17:00:00,257.8960515517247,B
1200,2023-07-03 16:00:00,255.8058345637441,B
1201,2023-07-03 15:00:00,255.629252922991,B
1202,2023-07-03 14:00:00,348.1997747710561,B
1203,2023-07-03 13:00:00,472.9758198896397,B
1204,2023-07-03 12:00:00,656.1520870852717,B
1205,2023-07-03 11:00:00,443.3814567198214,B
1206,2023-07-03 10:00:00,408.680691690852,B
1207,2023-07-03 09:00:00,425.0009636843189,B
1208,2023-07-03 08:00:00,257.1973599743234,B
1209,2023-07-03 07:00:00,44.89965826713819,B
1210,2023-07-03 06:00:00,51.25285800487708,B
1211,2023-07-03 05:00:00,57.93256994502721,B
1212,2023-07-03 04:00:00,24.01893989932213,B
1213,2023-07-03 03:00:00,29.08116905791817,B
1214,2023-07-02 04:00:00,104.05363278461276,B
1215,2023-06-29 06:00:00,189.6274416162109,B
1216,2023-07-02 03:00:00,55.123196463534725,B
1217,2023-07-02 01:00:00,3.8841587909063264,B
1218,2023-06-30 01:00:00,8.210808104434875,B
1219,2023-06-30 00:00:00,26.99435949482765,B
1220,2023-06-29 23:00:00,9.15061748089309,B
1221,2023-06-29 22:00:00,28.877056866121137,B
1222,2023-06-29 21:00:00,0.0,B
1223,2023-06-29 20:00:00,0.0,B
1224,2023-06-29 19:00:00,9.841359609436324,B
1225,2023-06-29 18:00:00,40.85971600954849,B
1226,2023-06-30 02:00:00,9.640983734718247,B
1227,2023-06-29 17:00:00,63.04579258167993,B
1228,2023-06-29 15:00:00,163.0175271942098,B
1229,2023-06-29 14:00:00,279.59674958215294,B
1230,2023-06-29 13:00:00,326.6955787382352,B
1231,2023-06-29 12:00:00,294.18185767101494,B
1232,2023-06-29 11:00:00,431.0514057595208,B
1233,2023-06-29 10:00:00,407.5046173197397,B
1234,2023-06-29 09:00:00,244.9740365265328,B
1235,2023-06-29 08:00:00,228.4335533302455,B
1236,2023-06-29 16:00:00,107.57430430793286,B
1237,2023-06-30 03:00:00,42.12579210435564,B
1238,2023-06-30 04:00:00,36.04668240218808,B
1239,2023-06-30 05:00:00,74.89798525840794,B
1240,2023-07-02 00:00:00,8.365402465728295,B
1241,2023-06-30 23:00:00,0.0,B
1242,2023-06-30 22:00:00,6.978266092446688,B
1243,2023-06-30 21:00:00,5.1620110275205775,B
1244,2023-06-30 20:00:00,29.62020322169101,B
1245,2023-06-30 19:00:00,37.9835047752201,B
1246,2023-06-30 18:00:00,82.5463391169528,B
1247,2023-06-30 17:00:00,117.65738143642022,B
1248,2023-06-30 16:00:00,190.74654621665985,B
1249,2023-06-30 15:00:00,197.4976983146828,B
1250,2023-06-30 14:00:00,201.1089280463256,B
1251,2023-06-30 13:00:00,210.92115731529205,B
1252,2023-06-30 12:00:00,159.20405372581908,B
1253,2023-06-30 11:00:00,194.54323993478783,B
1254,2023-06-30 10:00:00,224.47516427451504,B
1255,2023-06-30 09:00:00,312.3595254265835,B
1256,2023-06-30 08:00:00,207.44777291696167,B
1257,2023-06-30 07:00:00,127.60683670254228,B
1258,2023-06-30 06:00:00,68.65496006807942,B
1259,2023-07-02 02:00:00,0.0,B
1260,2023-06-19 11:00:00,681.2287287707716,B
1261,2023-06-29 02:00:00,26.030584676307683,B
1262,2023-06-19 09:00:00,148.04795280950412,B
1263,2023-06-09 16:00:00,389.8983170110784,B
1264,2023-06-09 15:00:00,564.0839318577268,B
1265,2023-06-09 14:00:00,735.8586596700864,B
1266,2023-06-09 13:00:00,841.5070639283714,B
1267,2023-06-09 12:00:00,870.0682219239886,B
1268,2023-06-09 11:00:00,923.5591042072634,B
1269,2023-06-09 10:00:00,993.319611142528,B
1270,2023-06-09 09:00:00,1019.1289440332654,B
1271,2023-06-09 17:00:00,273.5329394297252,B
1272,2023-06-09 08:00:00,888.1365309273499,B
1273,2023-06-09 06:00:00,554.8001751407983,B
1274,2023-06-09 05:00:00,314.6486766954198,B
1275,2023-06-09 04:00:00,198.34323632252725,B
1276,2023-06-09 03:00:00,110.57270843933574,B
1277,2023-06-09 02:00:00,44.716226023450616,B
1278,2023-06-09 01:00:00,46.66372941603368,B
1279,2023-06-09 00:00:00,0.0040764881515542,B
1280,2023-06-06 23:00:00,10.659389145112016,B
1281,2023-06-09 07:00:00,732.0498374576658,B
1282,2023-06-09 18:00:00,172.50197089023763,B
1283,2023-06-09 19:00:00,51.6087990604089,B
1284,2023-06-09 20:00:00,20.14230804209689,B
1285,2023-06-11 15:00:00,311.67417604302875,B
1286,2023-06-11 14:00:00,286.1343108794865,B
1287,2023-06-11 13:00:00,347.13537039461943,B
1288,2023-06-11 12:00:00,330.95292646264284,B
1289,2023-06-11 11:00:00,735.6300809685355,B
1290,2023-06-11 10:00:00,872.5709108191666,B
1291,2023-06-11 09:00:00,903.9033627244688,B
1292,2023-06-11 08:00:00,786.4990543826751,B
1293,2023-06-11 07:00:00,592.5944895299713,B
1294,2023-06-11 06:00:00,396.68564797057405,B
1295,2023-06-11 05:00:00,294.77413752559585,B
1296,2023-06-11 04:00:00,176.6719532789514,B
1297,2023-06-11 03:00:00,101.81866631955694,B
1298,2023-06-11 02:00:00,46.0048394554091,B
1299,2023-06-11 01:00:00,43.05388566092293,B
1300,2023-06-11 00:00:00,13.564288850090293,B
1301,2023-06-09 23:00:00,20.28361901519821,B
1302,2023-06-09 22:00:00,18.514730528272395,B
1303,2023-06-09 21:00:00,14.247415656603522,B
1304,2023-06-06 22:00:00,17.610555329341878,B
1305,2023-06-06 21:00:00,0.0,B
1306,2023-06-06 20:00:00,0.0,B
1307,2023-06-06 19:00:00,37.05477394812047,B
1308,2023-06-04 19:00:00,27.254026119944115,B
1309,2023-06-04 18:00:00,81.44775138453241,B
1310,2023-06-04 17:00:00,161.2211528512205,B
1311,2023-06-04 16:00:00,181.6884429851903,B
1312,2023-06-04 15:00:00,198.65930749420545,B
1313,2023-06-04 14:00:00,180.4153528753362,B
1314,2023-06-04 13:00:00,473.9426334154885,B
1315,2023-06-04 12:00:00,662.9042286464968,B
1316,2023-06-04 11:00:00,581.4086845346036,B
1317,2023-06-04 10:00:00,556.6845568919534,B
1318,2023-06-04 09:00:00,484.0450654364512,B
1319,2023-06-04 08:00:00,316.6572274244014,B
1320,2023-06-04 07:00:00,243.28719770286665,B
1321,2023-06-04 06:00:00,194.1825727549056,B
1322,2023-06-04 05:00:00,144.4967852675893,B
1323,2023-06-04 04:00:00,85.63454764457778,B
1324,2023-06-04 03:00:00,30.30264455682368,B
1325,2023-06-19 10:00:00,215.1445073283996,B
1326,2023-06-04 01:00:00,8.779045302588202,B
1327,2023-06-04 20:00:00,0.0,B
1328,2023-06-11 16:00:00,256.0324026428013,B
1329,2023-06-04 21:00:00,2.063077524679443,B
1330,2023-06-04 23:00:00,6.117978354337993,B
1331,2023-06-06 18:00:00,90.73705647007732,B
1332,2023-06-06 17:00:00,123.38686543971497,B
1333,2023-06-06 16:00:00,197.36039023882267,B
1334,2023-06-06 15:00:00,132.76838586813415,B
1335,2023-06-06 14:00:00,190.5738823706006,B
1336,2023-06-06 13:00:00,356.87396186927026,B
1337,2023-06-06 12:00:00,371.4204057370065,B
1338,2023-06-06 11:00:00,387.45626366627687,B
1339,2023-06-06 10:00:00,491.6110747032684,B
1340,2023-06-06 09:00:00,366.06885218844735,B
1341,2023-06-06 08:00:00,247.8777454766464,B
1342,2023-06-06 07:00:00,179.14816509622182,B
1343,2023-06-06 06:00:00,95.3799604211647,B
1344,2023-06-06 05:00:00,118.9174567844935,B
1345,2023-06-06 04:00:00,67.23389161499847,B
1346,2023-06-06 03:00:00,24.52823183508337,B
1347,2023-06-06 02:00:00,0.0,B
1348,2023-06-06 01:00:00,0.0,B
1349,2023-06-06 00:00:00,15.032026865010437,B
1350,2023-06-04 22:00:00,14.979676046923288,B
1351,2023-06-11 17:00:00,156.86359852370384,B
1352,2023-06-04 02:00:00,9.791850341425658,B
1353,2023-06-11 19:00:00,22.03931463815809,B
1354,2023-06-18 09:00:00,884.7811992171708,B
1355,2023-06-18 08:00:00,725.8970770949234,B
1356,2023-06-18 07:00:00,709.2686325850443,B
1357,2023-06-18 06:00:00,478.1036985989264,B
1358,2023-06-18 05:00:00,395.4300403670504,B
1359,2023-06-18 04:00:00,204.7154327641929,B
1360,2023-06-18 03:00:00,72.91962718118648,B
1361,2023-06-18 02:00:00,4.524880325862966,B
1362,2023-06-18 11:00:00,890.58098267364,B
1363,2023-06-18 01:00:00,16.510321932525557,B
1364,2023-06-14 23:00:00,17.926787983360526,B
1365,2023-06-14 22:00:00,7.846707073465353,B
1366,2023-06-14 21:00:00,4.226934947787356,B
1367,2023-06-14 20:00:00,0.271996854651519,B
1368,2023-06-14 19:00:00,71.36565725265629,B
1369,2023-06-14 18:00:00,144.20806368585508,B
1370,2023-06-14 17:00:00,267.27303921002465,B
1371,2023-06-14 16:00:00,433.5508063280677,B
1372,2023-06-18 00:00:00,32.54745625085826,B
1373,2023-06-18 12:00:00,702.9557286816557,B
1374,2023-06-18 13:00:00,580.624236328719,B
1375,2023-06-18 14:00:00,554.5520646183943,B
1376,2023-06-11 18:00:00,65.16039992937837,B
1377,2023-06-19 08:00:00,167.79526837455984,B
1378,2023-06-19 07:00:00,344.13175665233643,B
1379,2023-06-19 06:00:00,166.02516964282495,B
1380,2023-06-19 05:00:00,103.60251867944498,B
1381,2023-06-19 04:00:00,46.86624961822778,B
1382,2023-06-19 03:00:00,0.0,B
1383,2023-06-19 02:00:00,0.0,B
1384,2023-06-19 01:00:00,0.0,B
1385,2023-06-19 00:00:00,0.0,B
1386,2023-06-18 23:00:00,0.0,B
1387,2023-06-18 22:00:00,0.0,B
1388,2023-06-18 21:00:00,0.0,B
1389,2023-06-18 20:00:00,20.150251445113355,B
1390,2023-06-18 19:00:00,52.56257389130516,B
1391,2023-06-18 18:00:00,95.68080993982498,B
1392,2023-06-18 17:00:00,166.84558991600406,B
1393,2023-06-18 16:00:00,232.59410228131296,B
1394,2023-06-18 15:00:00,360.53048059229263,B
1395,2023-06-14 15:00:00,558.8721186946173,B
1396,2023-06-14 14:00:00,715.5829200560029,B
1397,2023-06-18 10:00:00,805.1593258163251,B
1398,2023-06-14 12:00:00,858.2050292512102,B
1399,2023-06-13 13:00:00,809.300744401078,B
1400,2023-06-13 12:00:00,933.6040622608036,B
1401,2023-06-13 11:00:00,894.1010895277154,B
1402,2023-06-13 10:00:00,830.4939607665261,B
1403,2023-06-13 09:00:00,629.1847511345384,B
1404,2023-06-13 08:00:00,667.5352741574932,B
1405,2023-06-13 07:00:00,566.9051456826651,B
1406,2023-06-13 06:00:00,436.9053289096917,B
1407,2023-06-13 14:00:00,725.3560531232823,B
1408,2023-06-13 05:00:00,202.9196880891316,B
1409,2023-06-13 03:00:00,49.18031340623799,B
1410,2023-06-13 02:00:00,14.117993153386609,B
1411,2023-06-13 01:00:00,4.36120440284364,B
1412,2023-06-13 00:00:00,6.060473085713454,B
1413,2023-06-11 23:00:00,27.519821785965632,B
1414,2023-06-11 22:00:00,6.687865583827204,B
1415,2023-06-11 21:00:00,0.0,B
1416,2023-06-14 13:00:00,791.9463913853155,B
1417,2023-06-13 04:00:00,111.08095977676214,B
1418,2023-06-13 15:00:00,496.7434597555499,B
1419,2023-06-11 20:00:00,6.957598717688342,B
1420,2023-06-13 17:00:00,222.1387008097121,B
1421,2023-06-13 16:00:00,296.373919623707,B
1422,2023-06-14 10:00:00,894.4632751355224,B
1423,2023-06-14 09:00:00,864.5026431149188,B
1424,2023-06-14 08:00:00,698.256701574576,B
1425,2023-06-14 07:00:00,624.0312112120926,B
1426,2023-06-14 06:00:00,500.273827051653,B
1427,2023-06-14 05:00:00,376.5813978987621,B
1428,2023-06-14 04:00:00,206.50062013483384,B
1429,2023-06-14 03:00:00,97.27595752068302,B
1430,2023-06-14 11:00:00,924.4221080242212,B
1431,2023-06-14 01:00:00,0.0,B
1432,2023-06-14 00:00:00,4.965434010970256,B
1433,2023-06-13 23:00:00,11.578573320639862,B
1434,2023-06-13 22:00:00,8.09179123058999,B
1435,2023-06-13 21:00:00,0.0,B
1436,2023-06-13 20:00:00,32.55604939134551,B
1437,2023-06-13 19:00:00,84.79476345102351,B
1438,2023-06-13 18:00:00,149.2409264574666,B
1439,2023-06-14 02:00:00,24.72262804581541,B
1440,2023-06-14 00:00:00,7.451623053893229,C
1441,2023-06-13 23:00:00,7.154236722910213,C
1442,2023-06-13 22:00:00,1.6379051738356054,C
1443,2023-06-13 18:00:00,141.15598443748922,C
1444,2023-06-13 20:00:00,34.24362902044271,C
1445,2023-06-13 19:00:00,64.9706026141096,C
1446,2023-06-11 19:00:00,17.62908592600394,C
1447,2023-06-13 21:00:00,19.00119726509635,C
1448,2023-06-14 01:00:00,3.797653002918082,C
1449,2023-06-14 05:00:00,194.6158368451951,C
1450,2023-06-14 03:00:00,43.68098120491399,C
1451,2023-06-14 04:00:00,97.55960662678004,C
1452,2023-06-14 06:00:00,374.9009273138222,C
1453,2023-06-14 07:00:00,399.25855701508135,C
1454,2023-06-14 08:00:00,543.5162791454251,C
1455,2023-06-14 09:00:00,811.8774576974299,C
1456,2023-06-14 10:00:00,904.4940656725328,C
1457,2023-06-13 17:00:00,229.1568196385001,C
1458,2023-06-14 02:00:00,13.856141119096549,C
1459,2023-06-13 16:00:00,319.9834706401515,C
1460,2023-06-13 06:00:00,281.40892256401526,C
1461,2023-06-13 14:00:00,612.3679800348541,C
1462,2023-06-14 11:00:00,866.8526382584549,C
1463,2023-06-11 20:00:00,8.438860383636182,C
1464,2023-06-11 21:00:00,0.0,C
1465,2023-06-11 22:00:00,0.0,C
1466,2023-06-11 23:00:00,3.6358068419554286,C
1467,2023-06-13 00:00:00,0.0,C
1468,2023-06-13 01:00:00,0.0,C
1469,2023-06-13 02:00:00,0.0,C
1470,2023-06-13 15:00:00,427.7669365454889,C
1471,2023-06-13 03:00:00,21.430781550379947,C
1472,2023-06-13 05:00:00,125.9174248756364,C
1473,2023-06-13 07:00:00,520.5133626425279,C
1474,2023-06-13 08:00:00,510.9970913919756,C
1475,2023-06-13 09:00:00,570.1362745852923,C
1476,2023-06-13 10:00:00,668.6446968615451,C
1477,2023-06-13 11:00:00,727.8785296091382,C
1478,2023-06-13 12:00:00,776.305980463519,C
1479,2023-06-13 13:00:00,744.0850532485651,C
1480,2023-06-13 04:00:00,55.60442186911095,C
1481,2023-06-14 12:00:00,845.1135630454387,C
1482,2023-06-19 07:00:00,295.8411227449369,C
1483,2023-06-14 14:00:00,615.7042740731807,C
1484,2023-06-18 14:00:00,604.1056518783432,C
1485,2023-06-18 15:00:00,309.1788931749668,C
1486,2023-06-18 16:00:00,260.7916791347037,C
1487,2023-06-18 17:00:00,154.4802705296354,C
1488,2023-06-18 18:00:00,118.61314034878008,C
1489,2023-06-18 19:00:00,34.54189711245056,C
1490,2023-06-18 20:00:00,11.457433137938352,C
1491,2023-06-18 21:00:00,0.0,C
1492,2023-06-18 22:00:00,0.0,C
1493,2023-06-18 23:00:00,0.0,C
1494,2023-06-19 00:00:00,22.12036098700065,C
1495,2023-06-19 01:00:00,9.562826830434403,C
1496,2023-06-19 02:00:00,11.111455830620486,C
1497,2023-06-19 03:00:00,7.242572276547747,C
1498,2023-06-19 04:00:00,60.08363527896323,C
1499,2023-06-19 05:00:00,94.62188036975591,C
1500,2023-06-19 06:00:00,208.08471047437976,C
1501,2023-06-11 18:00:00,55.37778560787174,C
1502,2023-06-19 08:00:00,302.83646396531947,C
1503,2023-06-18 13:00:00,695.9269384133404,C
1504,2023-06-14 13:00:00,773.3285758682478,C
1505,2023-06-18 12:00:00,618.6100882736359,C
1506,2023-06-18 10:00:00,885.0782856172665,C
1507,2023-06-14 15:00:00,496.8922366542812,C
1508,2023-06-14 16:00:00,383.0394036896237,C
1509,2023-06-14 17:00:00,251.98840389965125,C
1510,2023-06-14 18:00:00,124.56292674974108,C
1511,2023-06-14 19:00:00,36.82556080998046,C
1512,2023-06-14 20:00:00,0.0,C
1513,2023-06-14 21:00:00,0.0,C
1514,2023-06-14 22:00:00,0.0,C
1515,2023-06-14 23:00:00,0.0,C
1516,2023-06-18 00:00:00,2.66032765708988,C
1517,2023-06-18 01:00:00,12.804857342537872,C
1518,2023-06-18 02:00:00,17.740049938012106,C
1519,2023-06-18 03:00:00,53.99004756514054,C
1520,2023-06-18 04:00:00,126.28190733806916,C
1521,2023-06-18 05:00:00,285.4451575710218,C
1522,2023-06-18 06:00:00,302.8316839895029,C
1523,2023-06-18 07:00:00,559.8167650488053,C
1524,2023-06-18 08:00:00,684.9932916733967,C
1525,2023-06-18 09:00:00,850.1909701440636,C
1526,2023-06-18 11:00:00,876.4692060185819,C
1527,2023-06-11 17:00:00,147.96940040005907,C
1528,2023-06-06 22:00:00,3.63117165448503,C
1529,2023-06-11 15:00:00,193.58103187626355,C
1530,2023-06-04 23:00:00,0.5875093609700173,C
1531,2023-06-06 00:00:00,15.258000775381618,C
1532,2023-06-06 01:00:00,12.257875062592746,C
1533,2023-06-06 02:00:00,6.621698273043194,C
1534,2023-06-06 03:00:00,18.56048097237442,C
1535,2023-06-06 04:00:00,40.058092757054936,C
1536,2023-06-06 05:00:00,90.565814277755,C
1537,2023-06-06 06:00:00,95.0999510560137,C
1538,2023-06-04 22:00:00,1.243797539594766,C
1539,2023-06-06 07:00:00,111.70825628250284,C
1540,2023-06-06 09:00:00,208.6258692718341,C
1541,2023-06-06 10:00:00,299.4402162647869,C
1542,2023-06-06 11:00:00,295.9276770490007,C
1543,2023-06-06 12:00:00,264.4241746111751,C
1544,2023-06-06 13:00:00,319.7124000805718,C
1545,2023-06-06 14:00:00,244.2579691854146,C
1546,2023-06-06 15:00:00,196.4239339754276,C
1547,2023-06-06 16:00:00,148.68462546108347,C
1548,2023-06-06 08:00:00,143.83783716016464,C
1549,2023-06-04 21:00:00,0.0,C
1550,2023-06-04 20:00:00,0.0,C
1551,2023-06-04 19:00:00,1.441207076801561,C
1552,2023-06-19 09:00:00,374.3581736712867,C
1553,2023-06-04 01:00:00,0.0,C
1554,2023-06-04 02:00:00,0.0,C
1555,2023-06-04 03:00:00,16.71869834020049,C
1556,2023-06-04 04:00:00,42.9455055164012,C
1557,2023-06-04 05:00:00,59.86082158466094,C
1558,2023-06-04 06:00:00,127.38703853652854,C
1559,2023-06-04 07:00:00,202.7401978113661,C
1560,2023-06-04 08:00:00,232.3202172047913,C
1561,2023-06-04 09:00:00,402.0938551318531,C
1562,2023-06-04 10:00:00,458.8705950980169,C
1563,2023-06-04 11:00:00,475.6487863656495,C
1564,2023-06-04 12:00:00,468.67816263402887,C
1565,2023-06-04 13:00:00,490.96026247005307,C
1566,2023-06-04 14:00:00,339.06346660712666,C
1567,2023-06-04 15:00:00,216.722540494122,C
1568,2023-06-04 16:00:00,173.83596366057645,C
1569,2023-06-04 17:00:00,167.87767265912908,C
1570,2023-06-04 18:00:00,95.73801562563077,C
1571,2023-06-06 17:00:00,92.5345759183386,C
1572,2023-06-11 16:00:00,211.5716865745844,C
1573,2023-06-06 18:00:00,98.56708195115218,C
1574,2023-06-06 20:00:00,15.636224052561374,C
1575,2023-06-09 21:00:00,5.592431321548247,C
1576,2023-06-09 22:00:00,3.684750939775,C
1577,2023-06-09 23:00:00,0.0,C
1578,2023-06-11 00:00:00,11.611899255545296,C
1579,2023-06-11 01:00:00,12.708893916066756,C
1580,2023-06-11 02:00:00,17.472774475582924,C
1581,2023-06-11 03:00:00,69.2700633228662,C
1582,2023-06-11 04:00:00,120.25227447219535,C
1583,2023-06-09 20:00:00,18.38240310527229,C
1584,2023-06-11 05:00:00,175.6114020909431,C
1585,2023-06-11 07:00:00,524.0291755434525,C
1586,2023-06-11 08:00:00,606.7086475910819,C
1587,2023-06-11 09:00:00,761.833289780432,C
1588,2023-06-11 10:00:00,789.6989404969747,C
1589,2023-06-11 11:00:00,694.0403747256969,C
1590,2023-06-11 12:00:00,409.6539183901252,C
1591,2023-06-11 13:00:00,357.0111903301357,C
1592,2023-06-11 14:00:00,212.5555150073889,C
1593,2023-06-11 06:00:00,392.1481948347604,C
1594,2023-06-09 19:00:00,42.48220030809995,C
1595,2023-06-09 18:00:00,113.67660644614485,C
1596,2023-06-09 17:00:00,230.87795719256883,C
1597,2023-06-06 21:00:00,0.0,C
1598,2023-06-06 23:00:00,1.7495826025385668,C
1599,2023-06-09 00:00:00,0.0,C
1600,2023-06-09 01:00:00,7.4915629044489265,C
1601,2023-06-09 02:00:00,13.91493166246974,C
1602,2023-06-09 03:00:00,58.29702449623471,C
1603,2023-06-09 04:00:00,78.44484055258218,C
1604,2023-06-09 05:00:00,220.3027797361329,C
1605,2023-06-09 06:00:00,452.7917061224395,C
1606,2023-06-09 07:00:00,514.1924580092447,C
1607,2023-06-09 08:00:00,716.503395665457,C
1608,2023-06-09 09:00:00,834.1953707736792,C
1609,2023-06-09 10:00:00,861.0768492674383,C
1610,2023-06-09 11:00:00,831.5826181151862,C
1611,2023-06-09 12:00:00,855.3292116000885,C
1612,2023-06-09 13:00:00,801.2357990449744,C
1613,2023-06-09 14:00:00,592.3806642831387,C
1614,2023-06-09 15:00:00,508.0893651775145,C
1615,2023-06-09 16:00:00,346.35266954575434,C
1616,2023-06-06 19:00:00,37.7704198784908,C
1617,2023-06-19 10:00:00,282.9600525173836,C
1618,2023-07-03 21:00:00,19.568391141284906,C
1619,2023-06-19 12:00:00,595.8122512462405,C
1620,2023-06-30 07:00:00,106.2828510191157,C
1621,2023-06-30 08:00:00,129.1086822924643,C
1622,2023-06-30 09:00:00,145.7444929839289,C
1623,2023-06-30 10:00:00,168.46596877779527,C
1624,2023-06-30 11:00:00,160.9373908238215,C
1625,2023-06-30 12:00:00,129.63777584271304,C
1626,2023-06-30 13:00:00,136.92342892715965,C
1627,2023-06-30 14:00:00,178.92465679338108,C
1628,2023-06-30 06:00:00,26.29265124057113,C
1629,2023-06-30 15:00:00,154.45724671642904,C
1630,2023-06-30 17:00:00,115.24842265425576,C
1631,2023-06-30 18:00:00,80.38592045844882,C
1632,2023-06-30 19:00:00,30.592272136718435,C
1633,2023-06-30 20:00:00,25.831916341975926,C
1634,2023-06-30 21:00:00,0.0,C
1635,2023-06-30 22:00:00,0.0,C
1636,2023-06-30 23:00:00,0.0,C
1637,2023-07-02 00:00:00,0.0,C
1638,2023-06-30 16:00:00,101.96089180236532,C
1639,2023-06-30 05:00:00,75.63127818290451,C
1640,2023-06-30 04:00:00,40.53509098651165,C
1641,2023-06-30 03:00:00,60.75598424017471,C
1642,2023-06-29 08:00:00,75.0650849863528,C
1643,2023-06-29 09:00:00,162.7216115717845,C
1644,2023-06-29 10:00:00,325.4858171674472,C
1645,2023-06-29 11:00:00,331.1952977186928,C
1646,2023-06-29 12:00:00,185.41620401304547,C
1647,2023-06-29 13:00:00,282.3816592288181,C
1648,2023-06-29 14:00:00,189.9101074069601,C
1649,2023-06-29 15:00:00,150.56560777168932,C
1650,2023-06-29 16:00:00,155.33254902982145,C
1651,2023-06-29 17:00:00,69.65656811041612,C
1652,2023-06-29 18:00:00,53.76803360880089,C
1653,2023-06-29 19:00:00,24.057863560862103,C
1654,2023-06-29 20:00:00,0.0,C
1655,2023-06-29 21:00:00,2.172859146423491,C
1656,2023-06-29 22:00:00,0.0,C
1657,2023-06-29 23:00:00,6.261401939264488,C
1658,2023-06-30 00:00:00,23.126841078186917,C
1659,2023-06-30 01:00:00,12.316738761794513,C
1660,2023-06-30 02:00:00,75.47731552728891,C
1661,2023-07-02 01:00:00,10.016755419040948,C
1662,2023-06-29 07:00:00,120.3212747359761,C
1663,2023-07-02 02:00:00,28.711855871933267,C
1664,2023-07-02 04:00:00,125.2137819077694,C
1665,2023-07-03 04:00:00,13.064010764698397,C
1666,2023-07-03 05:00:00,90.81188582694172,C
1667,2023-07-03 06:00:00,77.70403291250169,C
1668,2023-07-03 07:00:00,67.95157092561215,C
1669,2023-07-03 08:00:00,183.68875790551985,C
1670,2023-07-03 09:00:00,242.9399837755573,C
1671,2023-07-03 10:00:00,374.3523428356151,C
1672,2023-07-03 11:00:00,339.7692954157411,C
1673,2023-07-03 03:00:00,11.30708489215948,C
1674,2023-07-03 12:00:00,478.4500240309124,C
1675,2023-07-03 14:00:00,357.9131922892657,C
1676,2023-07-03 15:00:00,255.20420201923943,C
1677,2023-07-03 16:00:00,242.50643125873785,C
1678,2023-07-03 17:00:00,112.7842563163912,C
1679,2023-07-03 18:00:00,66.68818240601689,C
1680,2023-07-03 19:00:00,26.89376266436409,C
1681,2023-07-03 20:00:00,31.432740105484896,C
1682,2023-06-04 00:00:00,0.0,C
1683,2023-07-03 13:00:00,377.021438985495,C
1684,2023-07-03 02:00:00,13.012705148451488,C
1685,2023-07-03 01:00:00,36.354864593634574,C
1686,2023-07-03 00:00:00,12.534426945126173,C
1687,2023-07-02 05:00:00,180.53435544259185,C
1688,2023-07-02 06:00:00,230.9693587188021,C
1689,2023-07-02 07:00:00,301.56788595622527,C
1690,2023-07-02 08:00:00,531.7619774445599,C
1691,2023-07-02 09:00:00,632.6523649938263,C
1692,2023-07-02 10:00:00,656.7056846331161,C
1693,2023-07-02 11:00:00,788.2524609670403,C
1694,2023-07-02 12:00:00,623.4138512224168,C
1695,2023-07-02 13:00:00,569.6946270177662,C
1696,2023-07-02 14:00:00,412.4682859282453,C
1697,2023-07-02 15:00:00,262.1446671402551,C
1698,2023-07-02 16:00:00,144.20489935051364,C
1699,2023-07-02 17:00:00,169.0241191442488,C
1700,2023-07-02 18:00:00,127.27639455499832,C
1701,2023-07-02 19:00:00,67.32408107695369,C
1702,2023-07-02 20:00:00,49.8162755346309,C
1703,2023-07-02 21:00:00,24.20572361861079,C
1704,2023-07-02 22:00:00,32.87593149332085,C
1705,2023-07-02 23:00:00,13.813026354681114,C
1706,2023-07-02 03:00:00,59.187538236453776,C
1707,2023-06-29 06:00:00,120.3312068064298,C
1708,2023-06-29 05:00:00,38.54890332066333,C
1709,2023-06-29 04:00:00,42.9318485233743,C
1710,2023-06-22 12:00:00,149.10534834518612,C
1711,2023-06-22 13:00:00,133.22284203312634,C
1712,2023-06-22 14:00:00,247.85387604839792,C
1713,2023-06-22 15:00:00,305.1567594411342,C
1714,2023-06-22 16:00:00,276.5028014873984,C
1715,2023-06-22 17:00:00,121.87597303220304,C
1716,2023-06-22 18:00:00,90.25709250464024,C
1717,2023-06-22 19:00:00,43.328829715345705,C
1718,2023-06-22 11:00:00,208.3388048493403,C
1719,2023-06-22 20:00:00,52.82124232725104,C
1720,2023-06-22 22:00:00,8.884775911599576,C
1721,2023-06-22 23:00:00,21.358468310071828,C
1722,2023-06-26 00:00:00,8.948644575915125,C
1723,2023-06-26 01:00:00,13.261673274129322,C
1724,2023-06-26 02:00:00,12.951345451550113,C
1725,2023-06-26 03:00:00,33.70364180722291,C
1726,2023-06-26 04:00:00,122.50393407308378,C
1727,2023-06-26 05:00:00,187.38713099092664,C
1728,2023-06-22 21:00:00,3.9102772256675,C
1729,2023-06-22 10:00:00,234.7942908692168,C
1730,2023-06-22 09:00:00,279.8650475774154,C
1731,2023-06-22 08:00:00,140.63663347660025,C
1732,2023-06-19 13:00:00,515.3595561498873,C
1733,2023-06-19 14:00:00,517.9201750745132,C
1734,2023-06-19 15:00:00,350.93115112363705,C
1735,2023-06-19 16:00:00,214.68904770933452,C
1736,2023-06-19 17:00:00,182.7031950741088,C
1737,2023-06-19 18:00:00,134.6733531709683,C
1738,2023-06-19 19:00:00,49.11404159501788,C
1739,2023-06-19 20:00:00,0.0,C
1740,2023-06-19 21:00:00,0.0,C
1741,2023-06-19 22:00:00,5.189670146662621,C
1742,2023-06-19 23:00:00,3.913263607082172,C
1743,2023-06-22 00:00:00,0.0,C
1744,2023-06-22 01:00:00,0.0,C
1745,2023-06-22 02:00:00,3.1650631501260307,C
1746,2023-06-22 03:00:00,0.0,C
1747,2023-06-22 04:00:00,0.0,C
1748,2023-06-22 05:00:00,43.61100568348323,C
1749,2023-06-22 06:00:00,37.5853541039383,C
1750,2023-06-22 07:00:00,94.90531090716676,C
1751,2023-06-26 06:00:00,295.62455388494755,C
1752,2023-06-26 07:00:00,555.3992269593048,C
1753,2023-06-26 08:00:00,630.9261336273374,C
1754,2023-06-26 09:00:00,731.4000487706021,C
1755,2023-06-28 09:00:00,661.403801833608,C
1756,2023-06-28 10:00:00,715.5284843810234,C
1757,2023-06-28 11:00:00,623.5143293004202,C
1758,2023-06-28 12:00:00,739.1715032169385,C
1759,2023-06-28 13:00:00,742.7139742956604,C
1760,2023-06-28 14:00:00,612.5077534808638,C
1761,2023-06-28 15:00:00,390.530406694469,C
1762,2023-06-28 16:00:00,308.6161945130632,C
1763,2023-06-28 17:00:00,152.45608278286844,C
1764,2023-06-28 18:00:00,114.6206522057692,C
1765,2023-06-28 19:00:00,51.460542232279465,C
1766,2023-06-28 20:00:00,20.43505719162775,C
1767,2023-06-28 21:00:00,8.794946722368763,C
1768,2023-06-28 22:00:00,0.0,C
1769,2023-06-28 23:00:00,2.0324837327065097,C
1770,2023-06-29 00:00:00,49.42374273149582,C
1771,2023-06-29 01:00:00,44.02643083621882,C
1772,2023-06-29 02:00:00,35.21754666617835,C
1773,2023-06-29 03:00:00,32.23413345528303,C
1774,2023-06-28 08:00:00,675.5837328755483,C
1775,2023-06-19 11:00:00,401.42141850327823,C
1776,2023-06-28 07:00:00,563.4889383063744,C
1777,2023-06-28 05:00:00,264.06881041093203,C
1778,2023-06-26 10:00:00,781.5726777632991,C
1779,2023-06-26 11:00:00,801.5573807565152,C
1780,2023-06-26 12:00:00,781.699101233194,C
1781,2023-06-26 13:00:00,687.0311112500319,C
1782,2023-06-26 14:00:00,493.8675532282019,C
1783,2023-06-26 15:00:00,281.58789827700696,C
1784,2023-06-26 16:00:00,244.09371352009535,C
1785,2023-06-26 17:00:00,148.7747961676908,C
1786,2023-06-26 18:00:00,105.59071953123696,C
1787,2023-06-26 19:00:00,61.53623634890626,C
1788,2023-06-26 20:00:00,27.5642683322759,C
1789,2023-06-26 21:00:00,15.790214880893274,C
1790,2023-06-26 22:00:00,14.36962970006411,C
1791,2023-06-26 23:00:00,23.402184190596586,C
1792,2023-06-28 00:00:00,0.0,C
1793,2023-06-28 01:00:00,5.707070810455264,C
1794,2023-06-28 02:00:00,34.349281621173446,C
1795,2023-06-28 03:00:00,72.43514878114532,C
1796,2023-06-28 04:00:00,153.76230863223412,C
1797,2023-06-28 06:00:00,439.2995841797414,C
1798,2023-06-03 23:00:00,0.0,C
1799,2023-05-01 00:00:00,21.97419510720698,C
1800,2023-06-03 21:00:00,2.913029548588156,C
1801,2023-05-20 17:00:00,175.59138179320277,C
1802,2023-05-20 18:00:00,85.89650813027251,C
1803,2023-05-20 19:00:00,32.39584747718021,C
1804,2023-05-20 20:00:00,19.190862275932066,C
1805,2023-05-20 21:00:00,8.5242101955875,C
1806,2023-05-20 22:00:00,15.719524401490617,C
1807,2023-05-20 23:00:00,5.119134863421465,C
1808,2023-05-21 00:00:00,6.358358823594614,C
1809,2023-05-20 16:00:00,283.05996071816844,C
1810,2023-05-21 01:00:00,14.181953130953248,C
1811,2023-05-21 03:00:00,44.973675720736566,C
1812,2023-05-21 04:00:00,101.27204350512402,C
1813,2023-05-21 05:00:00,199.42175930011555,C
1814,2023-05-21 06:00:00,374.9522364555898,C
1815,2023-05-21 07:00:00,446.7753452882622,C
1816,2023-05-21 08:00:00,636.0781834033035,C
1817,2023-05-21 09:00:00,697.6192568444533,C
1818,2023-05-21 10:00:00,695.6484857160538,C
1819,2023-05-21 02:00:00,23.168778624885647,C
1820,2023-05-20 15:00:00,417.7671560756433,C
1821,2023-05-20 14:00:00,575.3948424663402,C
1822,2023-05-20 13:00:00,691.0076735172715,C
1823,2023-05-18 18:00:00,80.35884739763937,C
1824,2023-05-18 19:00:00,31.87436370141404,C
1825,2023-05-18 20:00:00,0.0,C
1826,2023-05-18 21:00:00,0.0,C
1827,2023-05-18 22:00:00,0.0,C
1828,2023-05-18 23:00:00,0.0,C
1829,2023-05-20 00:00:00,0.0,C
1830,2023-05-20 01:00:00,0.0,C
1831,2023-05-20 02:00:00,0.0,C
1832,2023-05-20 03:00:00,1.146914776802788,C
1833,2023-05-20 04:00:00,65.47425948186415,C
1834,2023-05-20 05:00:00,132.7330019141615,C
1835,2023-05-20 06:00:00,341.41649203480205,C
1836,2023-05-20 07:00:00,394.3653151776368,C
1837,2023-05-20 08:00:00,603.7130666775422,C
1838,2023-05-20 09:00:00,780.0506118899768,C
1839,2023-05-20 10:00:00,799.6033193755455,C
1840,2023-05-20 11:00:00,890.3229702599552,C
1841,2023-05-20 12:00:00,750.2297957515626,C
1842,2023-05-21 11:00:00,711.5199539423359,C
1843,2023-05-18 17:00:00,161.8068382672306,C
1844,2023-05-21 12:00:00,720.9239703055586,C
1845,2023-05-21 14:00:00,482.2195131905141,C
1846,2023-05-22 14:00:00,481.5183158710367,C
1847,2023-05-22 15:00:00,374.6767727943359,C
1848,2023-05-22 16:00:00,272.10255920259897,C
1849,2023-05-22 17:00:00,201.21147973042235,C
1850,2023-05-22 18:00:00,95.9627862922168,C
1851,2023-05-22 19:00:00,35.7172244649899,C
1852,2023-05-22 20:00:00,5.01311975114217,C
1853,2023-05-22 21:00:00,0.0,C
1854,2023-05-22 13:00:00,571.4638216679829,C
1855,2023-05-22 22:00:00,0.0,C
1856,2023-05-23 00:00:00,1.7453697590288757,C
1857,2023-05-23 01:00:00,0.0,C
1858,2023-05-23 02:00:00,0.0,C
1859,2023-05-23 03:00:00,18.63212742788778,C
1860,2023-05-23 04:00:00,48.2348874954437,C
1861,2023-05-23 05:00:00,50.250330790927,C
1862,2023-05-23 06:00:00,59.2291246618336,C
1863,2023-05-23 07:00:00,106.31543742789609,C
1864,2023-05-22 23:00:00,0.0,C
1865,2023-05-22 12:00:00,719.5095454624714,C
1866,2023-05-22 11:00:00,756.2703447289357,C
1867,2023-05-22 10:00:00,806.1029155378094,C
1868,2023-05-21 15:00:00,358.3480189093375,C
1869,2023-05-21 16:00:00,296.5438768640309,C
1870,2023-05-21 17:00:00,143.307835403811,C
1871,2023-05-21 18:00:00,83.83000873804957,C
1872,2023-05-21 19:00:00,31.378521714237337,C
1873,2023-05-21 20:00:00,13.634834887869973,C
1874,2023-05-21 21:00:00,0.8950943482467721,C
1875,2023-05-21 22:00:00,7.820869510985631,C
1876,2023-05-21 23:00:00,0.0,C
1877,2023-05-22 00:00:00,0.0,C
1878,2023-05-22 01:00:00,8.75844117962626,C
1879,2023-05-22 02:00:00,22.10043955886192,C
1880,2023-05-22 03:00:00,48.04744422441093,C
1881,2023-05-22 04:00:00,106.39716616606474,C
1882,2023-05-22 05:00:00,211.02030864911367,C
1883,2023-05-22 06:00:00,362.15442319592296,C
1884,2023-05-22 07:00:00,527.2042607768466,C
1885,2023-05-22 08:00:00,717.9648181424467,C
1886,2023-05-22 09:00:00,818.2213095455693,C
1887,2023-05-21 13:00:00,630.5809797417901,C
1888,2023-05-23 08:00:00,146.68781457583026,C
1889,2023-05-18 16:00:00,278.2931657619528,C
1890,2023-05-18 14:00:00,462.8783239939021,C
1891,2023-05-01 23:00:00,22.66207728960396,C
1892,2023-05-06 00:00:00,40.55845487039693,C
1893,2023-05-06 01:00:00,33.90583655153449,C
1894,2023-05-06 02:00:00,25.140196791978298,C
1895,2023-05-06 03:00:00,28.714560673418845,C
1896,2023-05-06 04:00:00,64.27578054940167,C
1897,2023-05-06 05:00:00,126.83021994213864,C
1898,2023-05-06 06:00:00,221.6366400434364,C
1899,2023-05-01 22:00:00,1.2654455938244382,C
1900,2023-05-06 07:00:00,418.6867347766976,C
1901,2023-05-06 09:00:00,672.8962184458842,C
1902,2023-05-06 10:00:00,713.1672240823062,C
1903,2023-05-06 11:00:00,610.0471229446782,C
1904,2023-05-06 12:00:00,562.7296414610878,C
1905,2023-05-06 13:00:00,431.0996163742638,C
1906,2023-05-06 14:00:00,490.2309146407067,C
1907,2023-05-06 15:00:00,341.47605546988086,C
1908,2023-05-06 16:00:00,278.45144211806826,C
1909,2023-05-06 08:00:00,496.3432452507941,C
1910,2023-05-01 21:00:00,11.719873982118711,C
1911,2023-05-01 20:00:00,12.327205783911154,C
1912,2023-05-01 19:00:00,18.572775575776262,C
1913,2023-07-03 22:00:00,0.0,C
1914,2023-05-01 01:00:00,28.56091431905884,C
1915,2023-05-01 02:00:00,26.042356603527963,C
1916,2023-05-01 03:00:00,20.414725732213896,C
1917,2023-05-01 04:00:00,30.54621427640421,C
1918,2023-05-01 05:00:00,137.39069322168723,C
1919,2023-05-01 06:00:00,227.4769371253541,C
1920,2023-05-01 07:00:00,305.7289487642448,C
1921,2023-05-01 08:00:00,320.11044079506433,C
1922,2023-05-01 09:00:00,302.1349378476349,C
1923,2023-05-01 10:00:00,343.3658481746919,C
1924,2023-05-01 11:00:00,370.15487321867886,C
1925,2023-05-01 12:00:00,380.5591889221735,C
1926,2023-05-01 13:00:00,295.2180272919581,C
1927,2023-05-01 14:00:00,335.7731756121622,C
1928,2023-05-01 15:00:00,256.0378912477005,C
1929,2023-05-01 16:00:00,175.7890061101286,C
1930,2023-05-01 17:00:00,141.37070447656666,C
1931,2023-05-01 18:00:00,40.64642535760913,C
1932,2023-05-06 17:00:00,171.21799035100804,C
1933,2023-05-18 15:00:00,444.122123911815,C
1934,2023-05-06 18:00:00,76.30576375425987,C
1935,2023-05-06 20:00:00,16.02122553235725,C
1936,2023-05-14 20:00:00,0.0,C
1937,2023-05-14 21:00:00,0.0,C
1938,2023-05-14 22:00:00,2.6618197458875272,C
1939,2023-05-14 23:00:00,0.0,C
1940,2023-05-18 00:00:00,0.0,C
1941,2023-05-18 01:00:00,0.0,C
1942,2023-05-18 02:00:00,14.825960389493387,C
1943,2023-05-18 03:00:00,26.51664913548328,C
1944,2023-05-14 19:00:00,0.0,C
1945,2023-05-18 04:00:00,71.5563132787417,C
1946,2023-05-18 06:00:00,351.7614807731004,C
1947,2023-05-18 07:00:00,389.6374044169163,C
1948,2023-05-18 08:00:00,557.7354716707166,C
1949,2023-05-18 09:00:00,628.7610535019977,C
1950,2023-05-18 10:00:00,611.6261201290079,C
1951,2023-05-18 11:00:00,678.246671822011,C
1952,2023-05-18 12:00:00,547.9392773212887,C
1953,2023-05-18 13:00:00,403.62064596365065,C
1954,2023-05-18 05:00:00,177.97390447109655,C
1955,2023-05-14 18:00:00,31.845907494613726,C
1956,2023-05-14 17:00:00,87.62460392784284,C
1957,2023-05-14 16:00:00,170.6109017159845,C
1958,2023-05-06 21:00:00,0.0,C
1959,2023-05-06 22:00:00,0.0,C
1960,2023-05-06 23:00:00,0.0,C
1961,2023-05-14 00:00:00,9.04943470685646,C
1962,2023-05-14 01:00:00,11.734089633345777,C
1963,2023-05-14 02:00:00,17.628978515219956,C
1964,2023-05-14 03:00:00,29.35844743035597,C
1965,2023-05-14 04:00:00,73.62027006274629,C
1966,2023-05-14 05:00:00,181.9424291814893,C
1967,2023-05-14 06:00:00,376.1154690471914,C
1968,2023-05-14 07:00:00,537.6583703361423,C
1969,2023-05-14 08:00:00,696.8475604043555,C
1970,2023-05-14 09:00:00,763.0734178563697,C
1971,2023-05-14 10:00:00,833.3154746749475,C
1972,2023-05-14 11:00:00,805.9287160864793,C
1973,2023-05-14 12:00:00,780.9362328998257,C
1974,2023-05-14 13:00:00,643.6430023726878,C
1975,2023-05-14 14:00:00,543.0369713360021,C
1976,2023-05-14 15:00:00,383.3734285596017,C
1977,2023-05-06 19:00:00,31.99215394960652,C
1978,2023-05-23 09:00:00,184.65561256217947,C
1979,2023-05-23 10:00:00,222.99166409474748,C
1980,2023-05-23 11:00:00,279.2719771522079,C
1981,2023-06-01 06:00:00,177.56032445850553,C
1982,2023-06-01 07:00:00,217.30962599784112,C
1983,2023-06-01 08:00:00,213.70306179682223,C
1984,2023-06-01 09:00:00,294.83929115238664,C
1985,2023-06-01 10:00:00,410.5616701630237,C
1986,2023-06-01 11:00:00,474.58760219550425,C
1987,2023-06-01 12:00:00,513.3748806508684,C
1988,2023-06-01 13:00:00,385.5626927476858,C
1989,2023-06-01 05:00:00,112.34787858100324,C
1990,2023-06-01 14:00:00,336.9549302065717,C
1991,2023-06-01 16:00:00,194.26452924724092,C
1992,2023-06-01 17:00:00,152.8547138804886,C
1993,2023-06-01 18:00:00,99.91085694702927,C
1994,2023-06-01 19:00:00,68.36282181584889,C
1995,2023-06-01 20:00:00,18.045251634914536,C
1996,2023-06-01 21:00:00,0.0,C
1997,2023-06-01 22:00:00,7.194861123431394,C
1998,2023-06-01 23:00:00,0.0,C
1999,2023-06-01 15:00:00,127.78723936896564,C
2000,2023-06-01 04:00:00,50.93100188535777,C
2001,2023-06-01 03:00:00,29.281980954204982,C
2002,2023-06-01 02:00:00,28.610565277320973,C
2003,2023-05-30 07:00:00,242.44887759602597,C
2004,2023-05-30 08:00:00,286.43043493145854,C
2005,2023-05-30 09:00:00,380.5458947231217,C
2006,2023-05-30 10:00:00,400.8904667025407,C
2007,2023-05-30 11:00:00,357.1722241130035,C
2008,2023-05-30 12:00:00,364.8579716376167,C
2009,2023-05-30 13:00:00,220.88081927258628,C
2010,2023-05-30 14:00:00,201.69510309580704,C
2011,2023-05-30 15:00:00,206.37814093930345,C
2012,2023-05-30 16:00:00,200.6996865729974,C
2013,2023-05-30 17:00:00,68.6827515341358,C
2014,2023-05-30 18:00:00,9.6596718987023,C
2015,2023-05-30 19:00:00,0.0,C
2016,2023-05-30 20:00:00,0.0,C
2017,2023-05-30 21:00:00,0.0,C
2018,2023-05-30 22:00:00,0.0,C
2019,2023-05-30 23:00:00,0.0,C
2020,2023-06-01 00:00:00,8.841463625234042,C
2021,2023-06-01 01:00:00,10.119975686795442,C
2022,2023-06-02 00:00:00,0.0,C
2023,2023-05-30 06:00:00,202.26274554708945,C
2024,2023-06-02 01:00:00,4.09703676009056,C
2025,2023-06-02 03:00:00,39.96424446702852,C
2026,2023-06-03 03:00:00,8.565157078732199,C
2027,2023-06-03 04:00:00,48.5237618140022,C
2028,2023-06-03 05:00:00,83.01777099589697,C
2029,2023-06-03 06:00:00,147.73381558868323,C
2030,2023-06-03 07:00:00,239.91551402570545,C
2031,2023-06-03 08:00:00,157.2307010064,C
2032,2023-06-03 09:00:00,209.3265284647337,C
2033,2023-06-03 10:00:00,301.83498503855884,C
2034,2023-06-03 02:00:00,0.0,C
2035,2023-06-03 11:00:00,352.7473317427567,C
2036,2023-06-03 13:00:00,271.7442484692208,C
2037,2023-06-03 14:00:00,251.86342372022017,C
2038,2023-06-03 15:00:00,123.37018449908288,C
2039,2023-06-03 16:00:00,118.3274353408775,C
2040,2023-06-03 17:00:00,62.32841304898545,C
2041,2023-06-03 18:00:00,50.20266019310338,C
2042,2023-06-03 19:00:00,25.53713968217062,C
2043,2023-06-03 20:00:00,6.5662252504041305,C
2044,2023-06-03 12:00:00,366.98561710097215,C
2045,2023-06-03 01:00:00,1.9734535734316976,C
2046,2023-06-03 00:00:00,0.0,C
2047,2023-06-02 23:00:00,1.656984812136784,C
2048,2023-06-02 04:00:00,61.159919099952845,C
2049,2023-06-02 05:00:00,137.7407822673839,C
2050,2023-06-02 06:00:00,245.67672482407136,C
2051,2023-06-02 07:00:00,268.3513302734826,C
2052,2023-06-02 08:00:00,384.8819390388955,C
2053,2023-06-02 09:00:00,442.437941339845,C
2054,2023-06-02 10:00:00,482.816313270142,C
2055,2023-06-02 11:00:00,594.2558184758523,C
2056,2023-06-02 12:00:00,540.9159755528638,C
2057,2023-06-02 13:00:00,353.9106667712533,C
2058,2023-06-02 14:00:00,292.14420756649696,C
2059,2023-06-02 15:00:00,221.75555734751444,C
2060,2023-06-02 16:00:00,201.54382818861345,C
2061,2023-06-02 17:00:00,115.18027800978804,C
2062,2023-06-02 18:00:00,49.833003330626696,C
2063,2023-06-02 19:00:00,34.97352843429735,C
2064,2023-06-02 20:00:00,11.458306454614243,C
2065,2023-06-02 21:00:00,1.9456980469362293,C
2066,2023-06-02 22:00:00,0.0,C
2067,2023-06-02 02:00:00,10.70934344541621,C
2068,2023-05-30 05:00:00,136.17327216751806,C
2069,2023-05-30 04:00:00,45.69527130995277,C
2070,2023-05-30 03:00:00,11.092021721107727,C
2071,2023-05-25 11:00:00,569.4670355663422,C
2072,2023-05-25 12:00:00,401.06974385656537,C
2073,2023-05-25 13:00:00,565.0113371281552,C
2074,2023-05-25 14:00:00,416.5189153570668,C
2075,2023-05-25 15:00:00,247.67994279322872,C
2076,2023-05-25 16:00:00,209.3451131732724,C
2077,2023-05-25 17:00:00,103.09673460023444,C
2078,2023-05-25 18:00:00,29.922597914503516,C
2079,2023-05-25 10:00:00,429.9059444297699,C
2080,2023-05-25 19:00:00,29.32451538414824,C
2081,2023-05-25 21:00:00,11.575063882581674,C
2082,2023-05-25 22:00:00,5.749492533429219,C
2083,2023-05-25 23:00:00,4.186831179612085,C
2084,2023-05-27 00:00:00,27.811605493801693,C
2085,2023-05-27 01:00:00,21.272417251736243,C
2086,2023-05-27 02:00:00,6.081660722494263,C
2087,2023-05-27 03:00:00,18.88749347353948,C
2088,2023-05-27 04:00:00,27.754882088653545,C
2089,2023-05-25 20:00:00,20.374886999905957,C
2090,2023-05-25 09:00:00,376.4570124945218,C
2091,2023-05-25 08:00:00,404.0936243073222,C
2092,2023-05-25 07:00:00,318.93164577536515,C
2093,2023-05-23 12:00:00,240.9857402374724,C
2094,2023-05-23 13:00:00,410.76574805706616,C
2095,2023-05-23 14:00:00,369.8618911324738,C
2096,2023-05-23 15:00:00,272.97734756572066,C
2097,2023-05-23 16:00:00,243.0470669937883,C
2098,2023-05-23 17:00:00,102.19035880409676,C
2099,2023-05-23 18:00:00,45.1059735726063,C
2100,2023-05-23 19:00:00,24.909989364952335,C
2101,2023-05-23 20:00:00,4.743994343976311,C
2102,2023-05-23 21:00:00,1.0674008550417682,C
2103,2023-05-23 22:00:00,0.0,C
2104,2023-05-23 23:00:00,1.4885380298921973,C
2105,2023-05-25 00:00:00,20.15738608276439,C
2106,2023-05-25 01:00:00,24.81016495694155,C
2107,2023-05-25 02:00:00,26.686892116740864,C
2108,2023-05-25 03:00:00,72.00795636539009,C
2109,2023-05-25 04:00:00,62.67269321138116,C
2110,2023-05-25 05:00:00,101.37312891022492,C
2111,2023-05-25 06:00:00,202.87400681664545,C
2112,2023-05-27 05:00:00,35.9362538633722,C
2113,2023-05-27 06:00:00,151.78840322395408,C
2114,2023-05-27 07:00:00,225.97362886991075,C
2115,2023-05-27 08:00:00,440.2402633039588,C
2116,2023-05-28 08:00:00,368.2516844333628,C
2117,2023-05-28 09:00:00,324.1733408192109,C
2118,2023-05-28 10:00:00,199.92515321305856,C
2119,2023-05-28 11:00:00,430.944646098509,C
2120,2023-05-28 12:00:00,467.4520254657147,C
2121,2023-05-28 13:00:00,443.88659681995154,C
2122,2023-05-28 14:00:00,315.2393559891018,C
2123,2023-05-28 15:00:00,282.2219874614947,C
2124,2023-05-28 16:00:00,278.7936674642877,C
2125,2023-05-28 17:00:00,225.6444878477556,C
2126,2023-05-28 18:00:00,119.64119942118728,C
2127,2023-05-28 19:00:00,31.03210043503725,C
2128,2023-05-28 20:00:00,20.526604314934588,C
2129,2023-05-28 21:00:00,3.098856749835249,C
2130,2023-05-28 22:00:00,0.0,C
2131,2023-05-28 23:00:00,0.0,C
2132,2023-05-30 00:00:00,17.148458818899,C
2133,2023-05-30 01:00:00,13.07952622951251,C
2134,2023-05-30 02:00:00,20.65726835119449,C
2135,2023-05-28 07:00:00,272.8474935930411,C
2136,2023-06-03 22:00:00,0.0,C
2137,2023-05-28 06:00:00,152.5478327809999,C
2138,2023-05-28 04:00:00,53.68529418381209,C
2139,2023-05-27 09:00:00,406.7618584818547,C
2140,2023-05-27 10:00:00,290.7668471174485,C
2141,2023-05-27 11:00:00,329.0020178090156,C
2142,2023-05-27 12:00:00,244.67992798321677,C
2143,2023-05-27 13:00:00,214.3293875276784,C
2144,2023-05-27 14:00:00,164.25443976101047,C
2145,2023-05-27 15:00:00,124.72288334625654,C
2146,2023-05-27 16:00:00,115.23023897383234,C
2147,2023-05-27 17:00:00,78.10001191115055,C
2148,2023-05-27 18:00:00,45.36891179474932,C
2149,2023-05-27 19:00:00,25.124725961335827,C
2150,2023-05-27 20:00:00,0.0,C
2151,2023-05-27 21:00:00,0.0,C
2152,2023-05-27 22:00:00,0.0,C
2153,2023-05-27 23:00:00,0.0,C
2154,2023-05-28 00:00:00,7.70526254513365,C
2155,2023-05-28 01:00:00,13.880178463603755,C
2156,2023-05-28 02:00:00,16.457299794357738,C
2157,2023-05-28 03:00:00,28.052838917189742,C
2158,2023-05-28 05:00:00,100.5857714659323,C
2159,2023-07-03 23:00:00,0.0,C
